Life expectancy,Mean years of schooling,Gross national income (GNI) per capita,Gender Development Index value,Gender Development Index Group,Life expectancy at birth Female,Life expectancy at birth Male,Mean years of schooling Female,Mean years of schooling Male,Estimated gross national income per capita Female,Estimated gross national income per capita Male,Share of seats in parliament (% held by women),Population with at least some secondary education % (2005-2015) Female,Population with at least some secondary education % (2005-2015) Male,Labour force participation rate (% ages 15 and older) Female,Total Population (millions) 2015,Total Population (millions) 2030,Population Average annual growth 2000/2005 (%),Population Average annual growth 2010/2015 (%),Population Urban 2015 %,Population Under age 5 (millions) 2015,Population Ages 15–64 (millions) 2015,Population Ages 65 and older (millions) 2015,Population Median age (years) 2015,Dependency Ration Young age (0–14) /(per 100 people ages 15–64),Dependency Ratio Old age (65 and older) /(per 100 people ages 15–64),Total fertility rate (birth per woman) 2000/2005,Total fertility rate (birth per woman) 2000/2007,Infants exclusively breastfed (% ages 0–5 months) 2010-2015,Infants lacking immunization DTP (% of one-year-olds),Infants lacking immunization Measles (% of one-year-olds),Child malnutrition Stunting (moderate or severe) 2010-2015,"Mortality rates Infant (per 1,000 live births) 2015","Mortality rates Under-five (per 1,000 live births) 2015","Mortality rates Female Adult (per 1,000 live births) 2014","Mortality rates Male Adult (per 1,000 live births) 2014","Deaths due to Malria (per 100,000 people)","Deaths due to Tuberculosis (per 100,000 people)","HIV prevalence, adult (% ages 15–49)",Life expectancy at age 59 (years) 2010/2015,"Physicians  (per 10,000 people) 2001-2014",Public health expenditure (% of GDP) 2014,Employment to population ratio (% ages 15 and older),Labour force participation rate (% ages 15 and older),Employment in agriculture (% of total employment) 2010-2014,Employment in services (% of total employment) 2010- 2014,Total Unemployment (% of labour force) 2015,Unemployment Youth (% ages 15-24) 2010-2014,Unemployment Youth not in school or employment (% ages 15-24) 2010-2014,Vulnerable employment (% of total employment) 2005-2014,Child labour  (% ages 5-14) 2009-2015,Working poor at PPP$3.10 a day (%) 2004-2013,Mandatory paid maternity leave (days),Old-age pension recipients  (% of statutory pension age population) 2004-2013,Internet users,Internet users (% 2010 -2015),Coefficient of human inequality,Inequality in life expectancy (%) 2010-2015,Inequality-adjusted life expectancy index,Inequality in education(%),Inequality-adjusted education index,Inequality in income (%),Inequality-adjusted income index,Income inequality (Quintile ratio) 2010-2015,Income inequality (Palma ratio) 2010-2015,Income inequality (Gini coefficient) 2010-2015,HDI,Country
continuous,continuous,continuous,continuous,continuous,continuous,continuous,continuous,continuous,continuous,continuous,continuous,continuous,continuous,continuous,continuous,continuous,continuous,continuous,continuous,continuous,continuous,continuous,continuous,continuous,continuous,continuous,continuous,continuous,continuous,continuous,continuous,continuous,continuous,continuous,continuous,continuous,continuous,continuous,continuous,continuous,continuous,continuous,continuous,continuous,continuous,continuous,continuous,continuous,continuous,discrete,continuous,discrete,continuous,continuous,continuous,continuous,continuous,continuous,continuous,continuous,continuous,continuous,continuous,continuous,continuous,continuous,discrete
,,,,,,,,,,,,,,,,,,,,,,,,,,,,,,,,,,,,,,,,,,,,,,,,,,,,,,,,,,,,,,,,,,class,meta
81.7,12.7,67614.0,0.993,1.0,83.7,79.7,12.8,12.7,59800.0,75314.0,39.6,96.1,94.6,61.2,5.1999998093,5.9000000954,0.6,1.3,80.5,0.3,3.4000000954,0.9,39.1,27.3,24.9,1.8,1.8,,1.0,6.0,,2.0,2.6,44.0,69.0,,0.2,,23.9,42.8,8.3,62.2,64.9,2.1,77.0,4.1,10.1,5.5,5.3,,,,100.0,96.8,-0.8000000119,5.4,3.3,0.918,2.4,0.894,10.4,0.882,3.8,0.9,25.9,0.949,Norway
82.5,13.2,42822.0,0.978,1.0,84.6,80.5,13.4,13.0,34271.0,51386.0,30.5,91.4,91.5,58.6,24.0,28.5,1.2,1.6,89.4,1.5,15.8999996185,3.6,37.5,28.2,22.7,1.8,1.9,,8.0,7.0,2.0,3.0,3.8,,,,0.2,0.2,24.9,32.7,6.3,60.7,64.7,2.6,69.5,6.3,13.5,9.8,,,,,83.0,84.6,32.2000007629,8.0,4.3,0.921,1.9,0.921,17.7,0.753,6.0,1.4,34.9,0.939,Australia
83.1,13.4,56364.0,0.974,2.0,85.1,81.0,13.3,13.5,46798.0,66116.0,28.9,96.1,97.4,62.7,8.3000001907,9.1999998093,0.7,1.2,73.9,0.4,5.5999999046,1.5,42.3,22.0,26.9,1.4,1.5,,2.0,7.0,,3.4,3.9,,,,0.1,,25.0,40.5,7.7,65.7,68.7,3.2,73.9,4.3,7.0,7.3,9.1,,,98,100.0,88.0,15.3000001907,8.4,3.8,0.934,5.7,0.84,15.7,0.806,4.9,1.2,31.6,0.939,Switzerland
81.1,13.2,45000.0,0.964,2.0,83.4,78.7,12.9,13.6,35878.0,54440.0,36.9,96.4,97.0,54.5,80.6999969482,79.3000030518,-0.2,0.1,75.3,3.4,53.2000007629,17.1,46.2,19.6,32.2,1.4,1.4,,2.0,3.0,1.3,3.1,3.7,,,,0.4,,23.5,38.9,8.7,57.6,60.3,1.3,70.4,4.6,7.1,6.4,6.3,,,98,100.0,87.6,9.6000003815,7.0,3.7,0.905,2.6,0.891,14.8,0.787,4.6,1.1,30.1,0.926,Germany
80.4,12.7,44519.0,0.97,2.0,82.3,78.5,12.6,12.9,36857.0,52293.0,37.4,89.1,98.5,58.0,5.6999998093,6.0,0.3,0.4,87.7,0.3,3.5999999046,1.1,41.6,26.3,29.6,1.8,1.7,,4.0,10.0,,2.9,3.5,,,,0.4,,22.8,34.9,9.2,58.1,62.0,2.3,78.0,6.3,10.8,5.8,5.4,,,126,100.0,96.3,11.0,7.0,3.8,0.894,3.0,0.896,14.3,0.789,4.5,1.0,29.1,0.925,Denmark
83.2,11.6,78162.0,0.985,1.0,86.2,80.1,11.1,12.1,60787.0,96001.0,23.9,75.5,81.9,58.2,5.5999999046,6.4000000954,2.7,2.0,100.0,0.3,4.0999999046,0.7,40.0,21.4,16.1,1.3,1.2,,2.0,5.0,4.4,2.1,2.7,39.0,71.0,,1.0,,25.1,19.5,2.1,65.0,67.2,,70.6,3.3,7.3,18.9,8.7,,,105,0.0,82.1,0.5,,3.0,0.943,,,,,,,,0.925,Singapore
81.7,11.9,46326.0,0.946,3.0,83.5,79.9,11.6,12.2,30117.0,62773.0,36.4,86.2,90.3,57.5,16.8999996185,17.6000003815,0.5,0.4,90.5,0.9,11.0,3.1,42.7,25.3,27.9,1.7,1.8,,2.0,4.0,,3.2,3.8,,,,0.1,,23.8,28.6,9.5,59.9,63.8,2.0,75.3,6.1,8.8,5.0,12.8,,,112,100.0,93.1,7.0,6.8,3.7,0.914,4.2,0.859,12.4,0.812,4.2,1.0,28.0,0.924,Netherlands
81.1,12.3,43798.0,0.976,1.0,83.1,79.0,12.5,11.9,33497.0,54135.0,19.9,86.8,82.2,52.4,4.6999998093,5.1999998093,1.8,0.3,63.2,0.4,3.0999999046,0.6,36.9,33.5,20.2,2.0,2.0,,2.0,7.0,,3.0,3.6,,,,0.4,,23.4,26.7,5.1,54.3,60.0,6.1,75.2,9.5,20.9,15.2,12.7,,,182,90.5,80.1,-1.5,7.7,3.7,0.905,3.0,0.883,16.3,0.769,5.3,1.3,32.5,0.923,Ireland
82.7,12.2,37065.0,0.965,2.0,84.2,81.2,12.2,12.6,30530.0,43576.0,41.3,100.0,97.2,70.7,0.3000000119,0.400000006,1.1,0.7,94.1,0.0,0.200000003,0.0,36.0,30.8,20.8,2.0,2.0,,4.0,10.0,,1.6,2.0,39.0,67.0,,0.3,,24.5,34.8,7.2,70.8,74.1,4.2,77.1,4.4,8.7,5.8,8.5,,,90,100.0,98.2,6.3000001907,5.7,2.9,0.937,2.5,0.884,11.7,0.789,4.0,1.0,26.9,0.921,Iceland
82.2,13.1,42582.0,0.983,1.0,84.1,80.2,13.3,12.9,33288.0,52026.0,28.3,100.0,100.0,61.0,35.9000015259,40.4000015259,1.0,1.0,81.8,1.9,,5.8,40.6,23.5,23.8,1.5,1.6,,2.0,5.0,,4.3,4.9,,,,0.2,,24.7,20.7,7.4,61.0,65.6,2.1,78.2,6.9,13.2,13.3,,,,105,97.7,88.5,8.3000001907,8.7,4.7,0.912,3.9,0.856,17.4,0.755,5.8,1.3,33.7,0.92,Canada
79.2,13.2,53245.0,0.993,1.0,81.6,76.9,13.2,13.2,42272.0,64410.0,19.5,95.4,95.1,56.0,321.799987793,355.799987793,0.9,0.8,81.6,19.7,213.1999969482,47.6,38.0,28.6,22.3,2.0,1.9,,2.0,9.0,2.1,5.6,6.5,78.0,131.0,,0.1,,23.3,24.5,8.3,58.8,62.1,1.6,81.2,5.3,11.8,16.5,,,,,92.5,74.6,28.7999992371,12.9,6.1,0.856,5.6,0.85,27.0,0.692,9.1,2.0,41.1,0.92,US
84.2,11.6,54265.0,0.964,2.0,87.0,81.4,11.5,12.4,39525.0,70921.0,,80.9,74.7,53.4,7.3000001907,8.0,0.2,0.8,100.0,0.4,5.3000001907,1.1,43.2,16.4,20.6,1.0,1.2,,,,,,,32.0,64.0,,2.5,,25.8,,,58.3,60.3,,79.9,3.3,9.5,6.6,6.9,,,70,72.9,84.9,16.8999996185,,2.8,0.959,,,,,,,,0.917,Hong Kong
82.0,12.5,32870.0,0.963,2.0,83.7,80.3,12.6,12.5,24413.0,41718.0,31.4,98.8,98.7,62.4,4.5,5.0999999046,1.4,0.7,86.3,0.3,2.9000000954,0.7,38.0,31.1,22.9,1.9,2.1,,7.0,7.0,,4.7,5.7,52.0,81.0,,0.1,,24.5,27.4,9.1,63.6,67.6,6.4,73.0,5.9,14.4,11.9,,,,112,98.0,88.2,13.0,,4.6,0.91,,,,,,,,0.915,New Zealand
82.3,12.3,46251.0,0.997,1.0,84.0,80.6,12.4,12.2,40328.0,52181.0,43.6,87.8,88.3,60.9,9.8000001907,10.8000001907,0.4,0.8,85.8,0.6,6.0999999046,1.9,41.0,27.5,31.8,1.7,1.9,,1.0,3.0,,2.4,3.0,43.0,66.0,,0.3,,24.3,39.3,10.0,59.8,64.5,1.7,79.0,7.4,20.8,7.2,6.7,,,,100.0,90.6,11.3000001907,6.6,3.3,0.928,3.4,0.826,13.1,0.806,4.2,0.9,27.3,0.913,Sweden
80.2,12.4,75065.0,,,,,,,,,20.0,,,,0.0,0.0,0.9,0.7,14.3,,,,,,,,,,,,,,,,,,,,,,,,,,,,,,,,,,,96.6,10.6999998093,,,,,,,,,,,0.912,Liechtenstein
80.8,13.3,37931.0,0.964,2.0,82.7,78.9,13.2,13.4,26324.0,49872.0,26.7,81.3,84.6,56.9,64.6999969482,70.0999984741,0.5,0.6,82.6,4.1,41.7000007629,11.5,40.0,27.6,27.6,1.7,1.9,,2.0,7.0,,3.5,4.2,54.0,85.0,,0.5,,23.5,28.1,7.6,59.3,62.7,1.1,79.1,5.5,15.1,11.9,12.7,,,14,99.5,92.0,1.7000000477,7.8,4.5,0.894,2.8,0.871,16.2,0.752,5.3,1.3,32.6,0.909,United Kingdom
83.7,12.5,37268.0,0.97,2.0,86.9,80.4,12.6,12.4,25385.0,49818.0,11.6,93.0,90.6,49.1,126.5999984741,120.0999984741,0.2,-0.1,93.5,5.3,77.0,33.3,46.5,21.1,43.3,1.3,1.4,,1.0,2.0,7.1,2.0,2.7,,,,1.8,,25.8,23.0,8.6,57.3,59.3,3.7,69.1,3.3,5.3,3.9,,,,98,80.3,93.3,29.2000007629,12.2,3.2,0.948,19.8,0.675,13.5,0.774,5.4,1.2,32.1,0.903,Japan
82.1,12.2,34541.0,0.929,3.0,85.2,78.8,11.5,12.9,21308.0,47934.0,16.3,88.8,94.6,50.0,50.2999992371,52.5,0.6,0.5,82.5,2.3,36.7000007629,6.6,40.6,19.2,18.0,1.2,1.3,,1.0,1.0,2.5,2.9,3.4,37.0,90.0,0.0,3.8,,24.3,21.4,4.0,58.6,60.8,6.1,69.5,3.7,10.4,18.8,,,,90,77.6,89.9,13.1000003815,15.9,3.7,0.92,25.5,0.645,18.4,0.72,,,,0.901,"Korea, South"
82.6,12.8,31215.0,0.973,2.0,84.2,80.8,12.8,12.7,23323.0,39239.0,26.7,87.3,90.3,58.9,8.1000003815,10.0,1.9,1.7,92.1,0.8,4.9000000954,0.9,30.3,45.7,18.4,2.9,3.1,,5.0,4.0,,3.2,4.0,,,,0.2,,24.6,33.4,4.8,60.8,64.0,1.1,79.7,5.0,8.1,15.7,,,,98,73.6,78.9,8.6999998093,12.9,3.9,0.925,8.4,0.796,26.4,0.639,10.3,2.2,42.8,0.899,Israel
81.9,12.0,62471.0,0.966,2.0,84.1,79.6,11.6,12.3,47539.0,77291.0,28.3,100.6,99.4,52.2,0.6000000238,0.6999999881,1.0,2.2,90.2,0.0,0.400000006,0.1,39.2,23.6,20.1,1.7,1.6,,1.0,1.0,,1.5,1.9,,,,0.2,,23.9,29.0,5.8,55.7,59.1,1.3,85.7,5.9,18.6,6.3,6.3,,,112,90.0,97.3,3.7999999523,7.8,2.6,0.927,5.8,0.738,15.1,0.826,5.9,1.4,34.8,0.898,Luxembourg
82.4,11.6,38085.0,0.988,1.0,85.2,79.4,11.5,11.8,31742.0,44776.0,25.7,79.7,85.5,50.7,64.4000015259,68.0,0.6,0.5,79.5,3.9,40.2000007629,12.3,41.2,29.6,30.6,1.9,2.0,,1.0,10.0,,3.5,4.3,51.0,105.0,,0.6,,25.2,31.9,9.0,49.4,55.2,2.8,75.8,10.6,24.7,10.7,7.2,,,112,100.0,84.7,12.3000001907,9.3,4.0,0.921,7.5,0.776,16.3,0.752,5.3,1.3,33.1,0.897,France
81.0,11.4,41243.0,0.978,1.0,83.4,78.5,11.2,11.6,32416.0,50358.0,42.4,80.1,84.7,48.2,11.3000001907,12.0,0.6,0.7,97.9,0.7,7.3000001907,2.1,41.5,26.1,28.1,1.7,1.8,,1.0,4.0,,3.3,4.1,,,,0.3,,23.7,48.9,8.2,48.9,53.6,1.1,77.4,8.7,21.8,12.1,10.5,,,105,84.6,85.1,4.0999999046,8.3,4.0,0.901,8.1,0.773,12.7,0.794,4.2,1.0,27.6,0.896,Belgium
81.0,11.2,38868.0,1.0,1.0,83.8,78.2,11.5,11.1,32069.0,45882.0,41.5,100.0,100.0,55.0,5.5,5.6999998093,0.3,0.5,84.2,0.3,3.5,1.1,42.5,25.9,32.4,1.8,1.7,,1.0,3.0,,1.9,2.3,,,,0.2,,23.7,29.1,7.3,52.9,58.5,3.9,73.7,9.6,23.3,10.2,9.8,,,147,100.0,92.7,-13.3000001907,5.7,3.4,0.907,2.0,0.83,11.6,0.796,3.9,1.0,27.1,0.895,Finland
81.6,11.3,43609.0,0.957,2.0,84.0,79.1,10.8,11.8,29829.0,57888.0,30.3,98.7,99.2,54.7,8.5,8.8000001907,0.5,0.4,66.0,0.4,5.6999998093,1.6,43.2,21.2,28.0,1.4,1.5,,7.0,24.0,,2.9,3.5,46.0,86.0,,0.7,,23.8,48.3,8.7,56.8,60.2,4.3,69.7,5.7,10.2,7.7,8.6,,,112,100.0,83.9,8.0,8.5,3.7,0.912,4.3,0.785,17.5,0.757,4.9,1.1,30.5,0.893,Austria
80.6,12.1,28664.0,1.003,1.0,83.5,77.6,11.9,12.2,25654.0,31726.0,27.7,96.5,98.3,52.2,2.0999999046,2.0999999046,0.1,0.1,49.7,0.1,1.3999999762,0.4,43.1,22.0,26.7,1.2,1.6,,2.0,6.0,,2.1,2.6,,,,0.8,,23.1,25.2,6.6,52.1,57.5,7.7,60.2,9.3,16.7,9.4,15.1,,,105,95.1,73.1,9.6000003815,5.8,3.6,0.898,2.6,0.863,11.3,0.758,3.7,0.9,25.6,0.89,Slovenia
83.3,10.9,33573.0,0.963,2.0,85.7,80.9,10.5,11.0,22910.0,44844.0,30.1,79.1,83.3,39.3,59.7999992371,59.0999984741,0.5,0.1,69.0,2.6,38.2000007629,13.4,45.9,21.5,35.1,1.3,1.4,,2.0,14.0,,2.9,3.5,,,,0.4,0.4,25.1,37.6,7.0,42.5,48.4,3.5,69.5,12.1,42.1,22.0,18.1,,,150,81.1,65.6,-2.2000000477,11.2,3.0,0.945,9.9,0.734,20.8,0.696,6.7,1.4,35.2,0.887,Italy
82.8,9.8,32779.0,0.974,2.0,85.4,80.0,9.6,10.0,24382.0,41500.0,38.0,70.9,76.7,52.3,46.0999984741,45.9000015259,1.5,-0.2,79.6,2.1,30.6000003815,8.7,43.2,22.4,28.3,1.3,1.3,,1.0,4.0,,3.5,4.1,,,,0.5,0.4,24.8,49.5,6.4,45.3,58.4,4.2,76.3,22.4,49.4,17.1,12.5,,,112,68.2,78.7,-3.0,10.1,3.5,0.932,5.1,0.777,21.8,0.684,7.3,1.5,35.9,0.884,Spain
78.8,12.3,28144.0,0.983,1.0,81.6,75.9,12.1,12.6,20997.0,35543.0,19.6,99.8,99.8,51.1,10.5,10.5,-0.1,0.1,73.0,0.5,7.0999999046,1.9,41.5,22.5,27.0,1.2,1.5,,1.0,1.0,2.6,2.8,3.4,53.0,115.0,,0.6,,21.5,36.2,6.3,56.4,59.4,2.7,58.9,5.2,13.0,8.1,14.5,,,196,100.0,81.3,5.4000000954,5.3,3.5,0.873,1.4,0.866,11.1,0.757,3.8,0.9,26.1,0.878,Czechia
81.1,10.5,24808.0,0.957,2.0,84.0,78.2,10.3,10.8,17304.0,32683.0,19.7,63.7,71.7,43.9,11.0,10.5,0.2,-0.4,78.0,0.5,7.0,2.3,43.6,22.8,33.4,1.3,1.3,,1.0,3.0,,3.6,4.6,45.0,101.0,,1.0,0.3,23.6,61.7,5.0,38.8,51.7,13.0,71.8,24.9,49.2,19.1,29.6,,,119,77.4,66.8,3.0,12.2,3.7,0.905,11.7,0.733,21.1,0.657,7.6,1.6,36.7,0.866,Greece
79.0,9.0,72843.0,0.986,1.0,80.9,77.2,9.0,9.1,55402.0,89256.0,,67.7,69.6,51.0,0.400000006,0.5,1.8,1.5,77.2,0.0,0.3000000119,0.0,30.6,31.9,6.1,2.1,1.9,,1.0,3.0,19.7,8.6,10.2,52.0,85.0,,3.6,,21.4,14.4,2.5,62.3,63.5,0.6,80.8,1.9,5.7,,,,,91,81.7,71.2,-0.5,,4.4,0.868,,,,,,,,0.865,Brunei
77.0,12.5,26362.0,1.032,2.0,81.4,72.2,13.0,12.2,21976.0,31347.0,23.8,100.0,100.0,55.4,1.2999999523,1.2000000477,-0.6,-0.3,67.5,0.1,0.8999999762,0.2,41.7,24.7,28.8,1.4,1.6,,5.0,7.0,,2.3,2.9,,,,2.1,,21.3,32.4,5.0,58.2,61.9,3.9,65.5,5.9,11.3,11.7,5.7,,,140,98.0,88.4,16.7999992371,8.6,4.8,0.835,2.3,0.856,18.7,0.684,5.7,1.3,33.2,0.865,Estonia
81.5,10.3,47979.0,,,,,10.2,10.3,,,39.3,72.0,73.7,,0.1000000015,0.1000000015,4.3,-3.6,85.1,,,,,,,,,,1.0,4.0,,2.1,2.8,,,,0.8,,,40.0,6.3,,,,,,,,,,,,,96.9,4.8000001907,,,,,,,,,,,0.858,Andorra
80.3,11.7,29459.0,0.979,1.0,82.6,78.2,11.6,11.9,23450.0,35227.0,12.5,77.0,82.7,57.5,1.2000000477,1.2999999523,1.8,1.1,66.9,0.1,0.8000000119,0.1,35.9,23.4,18.2,1.6,1.5,,1.0,14.0,,2.5,2.7,35.0,70.0,,0.4,,22.1,23.3,3.3,53.9,63.9,3.9,79.6,15.6,32.3,17.0,14.2,,,126,85.2,71.7,1.7999999523,10.8,4.0,0.891,12.4,0.688,15.9,0.722,5.4,1.4,34.3,0.856,Cyprus
80.7,11.3,29500.0,0.923,4.0,82.4,79.0,10.9,11.6,17295.0,41802.0,12.9,72.7,81.2,38.8,0.400000006,0.400000006,0.5,0.3,95.4,0.0,0.3000000119,0.1,41.5,21.8,29.0,1.5,1.4,,1.0,2.0,,5.1,6.4,41.0,70.0,,0.3,,22.8,34.9,6.7,49.5,52.3,1.2,77.1,5.4,12.3,11.4,9.4,,,126,60.5,76.2,20.5,8.0,4.5,0.892,6.0,0.734,13.6,0.742,,,,0.856,Malta
78.3,9.8,129916.0,0.991,1.0,80.1,77.5,10.9,9.5,50324.0,159897.0,0.0,70.9,67.8,53.6,2.2000000477,2.7999999523,6.9,4.7,99.2,0.1,1.8999999762,0.0,30.7,18.6,1.4,3.0,2.1,29.3,1.0,1.0,,6.8,8.0,47.0,76.0,,0.2,,21.0,77.4,1.9,84.4,84.6,1.4,46.8,0.2,0.8,,0.2,,,50,7.9,92.9,22.8999996185,,6.1,0.843,,,,,,,,0.856,Qatar
77.6,11.9,24117.0,1.006,1.0,81.5,73.6,11.9,12.0,18928.0,29658.0,24.8,81.1,86.9,49.1,38.5999984741,37.2000007629,0.0,0.0,60.5,2.0,26.7999992371,6.0,39.6,21.5,22.3,1.3,1.4,,1.0,2.0,,4.5,5.2,,,,1.4,,21.5,22.2,4.5,52.7,56.9,11.2,57.9,7.4,19.9,12.0,17.2,,,182,96.5,68.0,21.0,9.3,5.2,0.84,5.4,0.806,17.4,0.685,5.0,1.2,32.1,0.855,Poland
73.5,12.7,26006.0,1.032,2.0,79.1,67.9,12.7,12.7,22147.0,30530.0,23.4,91.1,95.6,53.9,2.9000000954,2.7000000477,-0.8,-1.6,66.5,0.2,1.8999999762,0.5,43.1,21.8,28.3,1.3,1.6,,3.0,7.0,,3.3,5.2,92.0,266.0,,7.7,,19.2,41.2,4.4,53.5,59.1,9.0,65.8,9.5,17.6,9.9,9.8,,,126,100.0,71.4,-12.5,10.2,5.5,0.778,5.6,0.833,19.6,0.675,6.5,1.4,35.2,0.848,Lithuania
82.0,9.9,21665.0,0.966,2.0,84.7,79.0,9.8,10.0,14955.0,28556.0,15.8,76.1,76.9,50.7,17.8999996185,20.2000007629,1.2,1.1,89.5,1.2,12.3999996185,2.0,34.4,29.3,16.0,2.0,1.8,,4.0,6.0,1.8,7.0,8.1,44.0,96.0,,1.6,0.3,25.2,10.3,3.9,58.4,62.4,9.2,67.1,6.4,16.4,11.8,,7,4.9,126,74.5,64.3,11.8999996185,17.1,7.6,0.881,8.2,0.719,35.5,0.524,12.2,3.2,50.5,0.847,Chile
74.4,9.6,51320.0,0.882,5.0,75.9,73.2,9.0,10.0,19300.0,75923.0,19.9,63.3,72.1,20.1,31.5,39.0999984741,2.9,2.3,83.1,3.2,21.6000003815,0.9,28.3,41.7,4.2,3.6,2.9,,1.0,2.0,9.3,12.5,14.5,80.0,94.0,0.0,2.1,,18.5,24.9,3.5,51.6,54.8,4.9,70.9,5.8,31.0,18.4,,,,70,,69.6,-6.6999998093,,11.0,0.745,,,,,,,,0.847,Saudi Arabia
76.4,12.2,26764.0,0.991,1.0,80.0,72.7,12.0,12.3,20173.0,33770.0,18.7,99.2,99.5,51.4,5.4000000954,5.4000000954,0.0,0.1,53.6,0.3,3.9000000954,0.8,39.1,21.3,19.5,1.2,1.4,,1.0,3.0,,5.8,7.3,,,,0.5,,20.3,33.2,5.8,52.8,59.5,3.5,60.9,11.3,25.2,12.8,12.2,,,238,100.0,85.0,12.1999998093,6.0,5.3,0.822,1.4,0.812,11.4,0.748,4.0,0.9,26.1,0.845,Slovakia
81.2,8.9,26104.0,0.98,1.0,84.0,78.2,8.9,8.9,21095.0,31673.0,34.8,50.8,52.2,53.6,10.3000001907,9.8000001907,0.4,-0.4,63.5,0.4,6.6999998093,2.2,44.0,21.6,31.9,1.5,1.3,,1.0,2.0,,3.0,3.6,,,,1.2,,23.7,41.0,6.2,51.4,58.5,5.5,69.5,12.1,30.1,12.3,14.5,3,,,100.0,68.6,-4.1999998093,10.1,3.9,0.905,5.9,0.712,20.4,0.669,6.7,1.5,36.0,0.843,Portugal
77.1,9.5,66203.0,0.972,2.0,78.7,76.5,10.6,8.7,27257.0,80420.0,22.5,77.4,64.5,41.9,9.1999998093,11.0,7.7,1.9,85.5,0.5,7.8000001907,0.1,33.3,16.4,1.3,2.4,1.8,34.0,6.0,6.0,,5.9,6.8,57.0,81.0,,0.3,,19.8,25.3,2.6,77.1,80.1,,,3.7,11.1,,1.0,,,45,,91.2,44.7000007629,,5.8,0.828,,,,,,,,0.84,United Arab Emirates
75.3,12.0,23394.0,0.988,1.0,78.8,71.6,12.0,12.1,17787.0,29567.0,10.1,95.6,97.9,46.4,9.8999996185,9.3000001907,-0.3,-0.3,71.2,0.5,6.6999998093,1.8,41.3,21.5,26.3,1.3,1.3,,1.0,1.0,,5.3,5.9,,,,0.7,,20.1,30.8,4.9,50.2,54.0,4.6,64.5,7.0,18.2,13.6,5.8,,,168,91.4,72.8,-0.8999999762,7.6,5.2,0.807,3.1,0.808,14.6,0.704,5.0,1.1,30.6,0.836,Hungary
74.3,11.7,22589.0,1.025,2.0,79.0,69.3,12.0,11.6,18824.0,27031.0,18.0,99.3,98.8,54.4,2.0,1.7999999523,-1.3,-1.2,67.4,0.1,1.2999999523,0.4,42.9,22.7,29.5,1.3,1.5,,7.0,5.0,,6.9,7.9,94.0,243.0,,2.7,0.7,19.8,35.8,3.7,54.4,60.4,7.3,68.6,9.8,14.8,12.0,7.6,,,112,100.0,79.2,15.1000003815,10.3,6.7,0.78,3.8,0.803,20.3,0.653,6.7,1.4,35.5,0.83,Latvia
76.5,9.9,20945.0,0.982,1.0,80.2,72.6,9.7,10.0,12875.0,29367.0,37.1,63.5,61.4,48.4,43.4000015259,49.4000015259,1.1,1.0,91.8,3.7,27.7000007629,4.7,30.8,39.4,17.1,2.5,2.3,32.7,2.0,5.0,8.2,11.1,12.5,75.0,154.0,,1.4,0.4,21.4,38.6,2.7,56.9,61.0,0.5,74.7,6.7,19.1,18.6,20.5,4,5.1,90,90.7,69.4,1.7999999523,15.2,10.0,0.782,8.1,0.742,27.4,0.586,10.0,2.1,42.7,0.827,Argentina
77.5,11.2,20291.0,0.997,1.0,80.8,74.2,11.2,11.6,16932.0,23897.0,15.2,92.0,96.0,46.4,4.1999998093,4.0,-0.2,-0.4,59.0,0.2,2.7999999523,0.8,42.8,22.5,28.6,1.4,1.5,23.3,2.0,6.0,,3.6,4.3,57.0,134.0,,1.1,,20.6,30.0,6.4,43.9,52.3,8.7,63.9,16.1,43.8,19.3,10.4,,,208,57.6,69.8,-8.6999998093,8.9,4.5,0.845,4.4,0.763,17.7,0.66,5.7,1.2,32.5,0.827,Croatia
76.7,9.4,37236.0,0.97,2.0,77.8,75.9,9.4,9.4,25717.0,44303.0,15.0,61.6,55.6,39.2,1.3999999762,1.6000000238,5.3,1.8,88.8,0.1,1.0,0.0,30.3,28.2,3.2,2.7,2.1,33.8,1.0,1.0,,5.3,6.2,60.0,75.0,,0.4,,19.4,9.2,3.2,68.3,69.2,1.1,62.4,1.2,5.4,,2.0,5,,60,40.1,93.5,48.0,,6.3,0.818,,,,,,,,0.824,Bahrain
76.4,11.3,15410.0,0.955,2.0,78.6,74.2,10.7,12.0,11757.0,19149.0,17.3,86.9,96.2,42.0,0.6000000238,0.6000000238,0.1,0.1,64.0,0.0,0.400000006,0.1,37.6,27.6,20.2,1.9,1.7,16.8,3.0,12.0,9.4,4.3,4.7,73.0,130.0,,0.6,,19.8,21.1,3.7,40.0,48.9,5.7,73.0,18.2,37.5,,,13,1.8,45,52.3,64.6,-14.1000003815,8.7,5.2,0.823,7.4,0.738,13.6,0.657,4.8,1.2,31.9,0.807,Montenegro
70.3,12.0,23286.0,1.016,1.0,75.9,64.6,12.0,12.1,17868.0,29531.0,14.5,94.6,94.7,56.6,143.5,138.6999969482,-0.4,0.0,74.0,9.2,100.3000030518,19.2,38.7,24.0,19.1,1.3,1.7,,3.0,2.0,,8.2,9.6,,,,11.0,,18.4,43.1,3.7,59.8,63.5,6.7,65.8,5.8,15.0,12.0,6.0,,3.9,140,100.0,73.4,-3.4000000954,9.6,8.8,0.705,2.2,0.798,17.7,0.678,8.2,2.0,41.6,0.804,Russia
74.8,10.8,19428.0,0.99,1.0,78.4,71.3,10.3,11.0,16272.0,22786.0,12.0,86.1,92.2,47.6,19.5,17.6000003815,-0.7,-0.8,54.6,0.9,13.1000003815,3.4,42.1,23.1,25.8,1.3,1.5,15.8,2.0,11.0,12.8,9.7,11.1,79.0,195.0,,5.5,,19.8,24.5,4.5,52.0,55.9,25.4,44.5,6.9,23.1,17.0,30.9,1,,126,98.0,55.8,-3.7999999523,10.8,8.4,0.773,4.6,0.734,19.5,0.641,4.1,1.0,27.5,0.802,Romania
74.5,7.3,76075.0,0.972,2.0,75.9,73.6,7.4,6.9,35164.0,107991.0,1.5,56.8,58.1,48.4,3.9000000954,5.0,3.2,4.8,98.3,0.3,2.9000000954,0.1,31.0,29.5,2.6,2.6,2.2,11.9,3.0,6.0,5.8,7.3,8.6,58.0,98.0,,0.2,,17.7,27.0,2.6,66.7,69.2,1.2,58.6,3.5,17.3,,2.2,,,70,27.3,82.1,74.1999969482,,7.2,0.779,,,,,,,,0.8,Kuwait
71.5,12.0,15629.0,1.021,1.0,77.3,65.7,11.9,12.1,12327.0,19433.0,29.2,87.0,92.2,54.5,9.5,9.0,-0.6,0.0,76.7,0.6,6.5999999046,1.3,39.6,23.0,20.0,1.3,1.6,19.0,3.0,1.0,4.5,3.4,4.6,90.0,261.0,,7.7,0.6,18.1,39.3,3.7,57.0,60.8,9.6,57.2,6.1,12.9,,2.1,1,3.1,126,93.6,62.2,13.6000003815,6.4,5.8,0.746,3.7,0.804,9.7,0.689,3.9,1.0,27.2,0.796,Belarus
77.0,8.1,34402.0,0.927,3.0,79.4,75.3,7.7,8.5,15703.0,43894.0,8.2,59.8,57.1,30.0,4.5,5.1999998093,2.3,8.4,77.6,0.4,3.5,0.1,29.0,26.7,3.4,3.2,2.9,32.8,1.0,1.0,14.1,9.9,11.6,70.0,111.0,,0.6,,20.6,24.3,3.2,64.8,69.1,5.2,57.9,6.3,19.3,,,,,50,24.7,74.2,-2.7000000477,,7.0,0.815,,,,,,,,0.796,Oman
75.8,10.5,14952.0,1.006,1.0,78.1,73.3,10.6,10.3,11801.0,18377.0,19.6,93.0,90.6,62.4,0.3000000119,0.3000000119,0.3,0.3,31.5,0.0,0.200000003,0.0,38.5,29.1,21.3,1.8,1.8,19.7,2.0,5.0,7.7,12.0,13.0,75.0,125.0,,0.0,1.6,19.5,18.1,4.7,58.2,66.3,2.7,78.4,12.3,30.4,,,2,,84,68.3,76.1,-6.6999998093,,7.8,0.791,5.5,0.73,,,,,,0.795,Barbados
77.4,8.6,19148.0,1.017,1.0,80.8,73.7,8.8,8.3,14608.0,24014.0,19.2,55.0,51.6,55.4,3.4000000954,3.5999999046,0.0,0.3,95.3,0.2,2.2000000477,0.5,34.9,33.4,22.5,2.2,2.0,,1.0,4.0,10.7,8.7,10.1,77.0,136.0,,1.7,0.5,22.0,37.4,6.1,60.6,65.3,9.3,69.1,7.3,20.3,20.5,22.5,8,5.3,98,76.5,64.6,21.7999992371,15.4,9.5,0.799,10.4,0.642,26.2,0.586,9.1,2.0,41.6,0.795,Uruguay
74.3,10.8,16261.0,0.984,1.0,77.8,70.9,10.8,11.2,12979.0,19736.0,20.4,93.1,95.5,48.6,7.0999999046,6.3000001907,-0.8,-0.7,73.9,0.3,4.6999998093,1.4,43.5,21.5,30.4,1.2,1.5,,10.0,7.0,8.8,9.3,10.4,,,,2.1,,19.2,38.7,4.6,48.9,54.2,6.9,62.8,9.8,22.2,20.2,8.7,,,410,96.9,56.7,-6.4000000954,10.5,7.8,0.771,5.5,0.735,18.2,0.629,6.9,1.5,36.0,0.794,Bulgaria
69.6,11.7,22093.0,1.006,1.0,74.3,64.8,11.7,11.7,16364.0,28226.0,20.1,99.7,100.0,66.1,17.6000003815,20.1000003815,0.7,1.6,53.2,1.9,11.6999998093,1.2,29.3,40.1,10.1,2.0,2.6,31.8,4.0,1.0,13.1,12.6,14.1,124.0,302.0,,8.6,0.2,17.1,36.2,2.4,67.2,71.2,24.2,56.0,5.6,5.1,,28.6,2,3.4,126,95.9,72.9,53.5999984741,10.1,11.6,0.674,5.9,0.758,12.7,0.712,3.7,0.9,26.3,0.794,Kazakhstan
75.6,10.9,21565.0,,,78.5,72.5,11.5,10.5,18070.0,25209.0,16.7,87.4,87.6,69.4,0.400000006,0.400000006,2.0,1.5,82.9,0.0,0.3000000119,0.0,32.4,29.6,11.7,1.9,1.9,,4.0,8.0,,9.9,12.1,120.0,200.0,,0.6,3.2,22.3,28.2,3.6,63.5,74.1,3.7,83.0,14.4,28.4,,,,,91,84.2,78.0,-32.4000015259,,9.4,0.774,,,,,,,,0.792,Bahamas
74.9,10.1,24620.0,,,77.3,72.6,10.0,10.8,17170.0,32208.0,13.2,75.4,79.1,49.3,30.2999992371,36.0999984741,1.9,1.5,74.7,2.5,21.1000003815,1.8,28.5,35.2,8.4,2.5,2.0,29.0,1.0,6.0,17.2,6.0,7.0,80.0,167.0,1.0,8.0,0.4,19.3,12.0,2.3,61.5,63.3,12.2,60.3,2.9,10.4,1.2,21.1,,6.9,60,19.8,71.1,20.2000007629,,6.7,0.788,,,,,11.3,2.6,46.3,0.789,Malaysia
72.9,12.3,13771.0,,,,,,,,,10.3,,,,0.0,0.0,0.8,0.8,87.1,,,,,,,,,,1.0,17.0,,14.2,16.4,,,,1.2,,,13.8,6.5,,,,,,,,,,,,48.0,,57.2999992371,,,,12.0,0.711,23.0,0.573,,,,0.788,Palau
77.8,9.9,19470.0,0.997,1.0,80.9,74.8,10.3,9.5,14550.0,24365.0,18.3,70.1,66.1,50.5,3.9000000954,4.8000001907,1.8,1.6,66.6,0.4,2.5999999046,0.3,28.7,41.7,11.7,2.6,2.5,21.5,4.0,10.0,19.1,14.6,17.0,81.0,153.0,0.0,5.5,0.7,23.9,16.5,5.9,62.0,65.4,16.7,65.0,5.2,13.7,17.6,29.9,6,10.4,98,37.3,51.2,-3.5999999046,21.0,11.5,0.786,13.6,0.597,38.0,0.493,16.4,3.4,50.7,0.788,Panama
76.2,9.2,20907.0,,,78.6,73.7,,,,,25.7,,,,0.1000000015,0.1000000015,1.2,1.0,23.8,0.0,0.1000000015,0.0,30.9,35.2,10.4,2.3,2.1,,1.0,2.0,,5.8,8.1,108.0,154.0,,3.8,,21.5,,3.8,,,,,,,,,,,91,69.7,65.2,-28.7000007629,,8.4,0.792,,,,,,,,0.786,Antigua and Barbuda
73.3,9.4,23886.0,,,78.2,69.1,,,,,43.8,,,,0.1000000015,0.1000000015,1.8,0.7,53.9,0.0,0.1000000015,0.0,32.6,33.6,9.9,2.2,2.3,,1.0,1.0,,11.7,13.6,92.0,238.0,,0.0,,19.4,10.7,3.1,,,3.6,78.2,,,20.0,10.4,,,98,100.0,58.1,22.6000003815,,9.0,0.746,,,,,9.8,2.6,46.8,0.782,Seychelles
74.6,9.1,17948.0,0.954,2.0,78.2,71.1,8.8,9.5,10540.0,25539.0,11.6,57.0,62.0,46.8,1.2999999523,1.2999999523,0.6,0.4,39.7,0.1,0.8999999762,0.1,35.2,27.2,13.4,1.9,1.5,21.0,3.0,2.0,,11.8,13.5,95.0,194.0,,1.3,0.9,20.2,10.6,2.4,55.8,60.5,8.0,63.5,7.9,17.5,,17.1,,6.1,84,100.0,50.1,45.2999992371,14.3,9.8,0.758,13.2,0.629,19.8,0.628,5.9,1.5,35.8,0.781,Mauritius
70.5,10.9,28049.0,1.004,1.0,74.2,67.1,10.8,11.0,21104.0,35179.0,31.5,70.6,68.4,52.6,1.3999999762,1.3999999762,0.5,0.5,8.4,0.1,0.8999999762,0.1,33.8,29.8,13.5,1.8,1.8,12.8,7.0,4.0,5.3,18.2,20.4,124.0,217.0,,2.0,1.2,18.2,11.8,3.2,60.5,62.9,,,3.8,9.6,52.5,15.6,1,,98,98.7,69.2,10.5,15.0,16.6,0.648,6.6,0.67,21.9,0.665,,,,0.78,Trinidad and Tobago
79.6,8.7,14006.0,0.969,2.0,82.1,77.2,8.7,8.7,9955.0,18052.0,33.3,54.5,53.8,46.8,4.8000001907,5.4000000954,1.6,1.1,76.8,0.4,3.2999999523,0.4,31.4,32.4,12.9,2.2,1.9,32.5,9.0,5.0,5.6,8.5,9.7,61.0,114.0,0.0,0.8,0.3,23.6,11.1,6.8,56.3,61.6,12.7,68.2,8.6,21.1,17.8,20.7,4,1.7,120,55.8,59.8,124.9000015259,18.2,8.2,0.842,12.4,0.599,34.1,0.492,12.8,3.0,48.5,0.776,Costa Rica
75.0,10.8,12202.0,0.969,2.0,77.9,72.2,10.3,11.4,9600.0,14932.0,34.0,82.3,91.6,43.4,8.8999996185,8.3000001907,-0.6,-0.5,55.6,0.5,5.9000000954,1.5,40.6,24.5,25.6,1.7,1.6,12.8,3.0,14.0,6.0,5.9,6.7,79.0,152.0,,1.4,,19.1,21.1,6.4,41.7,51.5,21.3,52.9,19.0,45.2,19.5,28.6,10,0.4,135,46.1,65.3,-3.7999999523,11.1,7.9,0.78,8.1,0.698,17.4,0.6,4.4,1.1,29.1,0.776,Serbia
79.6,11.8,7455.0,0.946,3.0,81.6,77.6,11.5,12.0,5013.0,9874.0,48.9,83.9,86.7,42.6,11.3999996185,11.1999998093,0.3,0.1,77.1,0.6,7.9000000954,1.6,41.2,23.4,20.0,1.6,1.6,33.2,2.0,1.0,7.0,4.0,5.5,72.0,109.0,,0.3,0.3,23.1,67.2,10.6,53.9,55.6,18.6,64.2,3.0,6.5,,,,5.6,,,31.1,233.5,,5.5,0.866,10.9,0.694,,,,,,0.775,Cuba
75.6,8.8,16395.0,0.862,5.0,76.7,74.5,8.5,9.1,5132.0,27499.0,3.1,66.8,70.2,16.2,79.0999984741,88.5,1.3,1.3,73.4,6.9,56.4000015259,4.0,29.5,33.1,7.1,2.0,1.7,53.1,1.0,1.0,6.8,13.4,15.5,64.0,105.0,0.0,3.5,0.1,19.4,8.9,2.8,39.9,44.5,17.9,48.3,10.5,24.1,34.3,40.5,11,3.7,270,26.4,44.1,28.6000003815,31.5,10.6,0.764,37.3,0.441,46.6,0.412,6.6,1.6,37.4,0.774,Iran
75.0,12.2,8856.0,0.97,2.0,78.5,71.3,12.3,12.2,6105.0,11871.0,11.3,96.1,97.4,57.3,4.0,3.9000000954,-1.2,-1.2,53.6,0.3,2.7000000477,0.6,37.5,25.2,20.4,1.6,1.8,54.8,1.0,8.0,11.3,10.6,11.9,64.0,171.0,0.0,6.6,0.4,19.8,42.7,1.6,58.9,67.1,,,12.3,29.8,,59.8,18,15.2,183,89.8,45.2,42.2999992371,12.2,10.3,0.759,2.2,0.777,24.1,0.514,8.2,1.9,40.1,0.769,Georgia
75.5,7.9,18705.0,0.908,4.0,78.7,72.3,7.0,8.8,10648.0,27035.0,14.9,43.5,64.8,30.4,78.6999969482,87.6999969482,1.4,1.7,73.4,6.8,52.5,5.9,29.8,38.4,11.3,2.4,2.1,30.1,3.0,6.0,9.5,11.6,13.5,73.0,142.0,0.0,0.6,,20.8,17.1,4.2,45.1,50.3,19.7,51.9,10.3,16.4,24.8,29.4,6,4.0,112,88.1,53.7,12.1000003815,15.8,11.5,0.756,14.2,0.574,21.8,0.618,8.0,1.9,40.2,0.767,Turkey
74.4,9.4,15129.0,1.028,2.0,78.6,70.4,9.7,9.0,11579.0,18709.0,17.0,72.6,65.0,51.4,31.1000003815,36.7000007629,1.8,1.4,89.0,3.0,20.3999996185,2.0,27.4,42.8,9.5,2.7,2.4,7.1,12.0,11.0,13.4,12.9,14.9,91.0,195.0,2.2,1.8,0.5,20.7,19.4,1.5,59.5,64.7,7.4,71.1,8.0,16.7,19.2,30.3,8,9.2,182,59.4,61.9,-3.0999999046,19.1,11.4,0.741,17.6,0.586,28.4,0.543,16.0,2.8,46.9,0.767,Venezuela
75.0,10.9,10789.0,0.934,3.0,78.4,71.7,10.3,11.4,6067.0,15869.0,4.9,80.2,80.6,30.2,20.7000007629,21.5,0.8,0.5,18.4,1.6,13.6999998093,1.9,32.3,37.2,14.1,2.3,2.1,75.8,1.0,1.0,14.7,8.4,9.8,75.0,201.0,0.0,6.1,0.1,20.4,6.8,2.0,49.3,51.8,30.4,43.4,4.7,20.2,0.5,43.1,3,12.2,84,17.1,30.0,34.9000015259,11.5,8.1,0.778,12.8,0.656,13.7,0.61,6.6,1.8,39.2,0.766,Sri Lanka
74.0,8.4,22436.0,,,,,,,,,13.3,,,,0.1000000015,0.1000000015,1.5,1.2,32.0,,,,,,,,,,1.0,7.0,,8.4,10.5,,,,2.7,,,11.7,2.1,,,,,,,,,,,91,44.7,75.7,-13.6999998093,,,,,,,,,,,0.765,St. Kitts and Nevis
78.0,9.6,10252.0,0.959,2.0,80.6,75.6,9.5,9.8,7365.0,13186.0,20.7,90.2,90.5,40.3,2.9000000954,3.0,-0.3,0.0,57.4,0.2,2.0,0.4,34.3,26.9,18.0,1.9,1.8,38.6,1.0,2.0,23.1,12.5,14.0,50.0,85.0,,0.6,,21.2,11.5,2.9,41.6,50.3,,,17.3,32.7,30.5,58.1,5,2.0,365,77.0,63.3,24.5,13.4,9.9,0.804,11.9,0.63,18.3,0.571,4.3,1.0,29.0,0.764,Albania
79.5,8.6,13312.0,0.893,5.0,81.5,77.9,8.3,8.7,5844.0,20712.0,3.1,53.0,55.4,23.5,5.9000000954,5.3000001907,4.2,6.0,87.8,0.5,4.0,0.5,28.5,35.4,12.0,2.0,1.7,26.6,16.0,21.0,16.5,7.1,8.3,50.0,71.0,,1.6,0.1,22.0,32.0,3.0,43.7,47.0,,,7.1,21.6,,27.8,2,,70,0.0,74.0,32.0,20.4,7.2,0.85,24.1,0.498,30.0,0.517,,,,0.763,Lebanon
77.0,8.6,16383.0,0.951,2.0,79.4,74.6,8.2,8.6,10710.0,22115.0,40.6,56.1,59.0,45.4,127.0,148.1000061035,1.3,1.4,79.2,11.6,83.6999969482,8.2,27.4,41.9,9.8,2.6,2.3,14.4,10.0,3.0,13.6,11.3,13.2,81.0,143.0,0.0,1.7,0.2,22.7,21.0,3.3,59.5,62.2,13.4,62.4,4.3,8.8,20.0,,4,9.0,84,25.2,57.4,10.0,22.4,13.2,0.761,19.7,0.525,34.3,0.506,10.8,2.9,48.2,0.762,Mexico
70.9,11.2,16413.0,0.94,3.0,74.1,67.8,10.3,12.0,11029.0,21845.0,16.9,93.9,97.5,61.9,9.8000001907,10.6999998093,1.1,1.4,54.6,0.9,7.0999999046,0.5,30.9,30.3,7.8,2.0,2.3,12.1,4.0,2.0,18.0,27.9,31.7,86.0,178.0,0.1,0.4,0.2,18.3,34.0,1.2,61.9,65.0,36.8,48.9,4.7,14.3,,56.4,7,1.7,126,81.7,77.0,11.1999998093,13.0,21.7,0.613,8.3,0.663,8.9,0.702,4.8,1.2,31.8,0.759,Azerbaijan
74.7,7.8,14145.0,1.005,1.0,78.5,71.0,8.1,7.5,10672.0,17736.0,10.8,59.1,55.2,56.3,207.8000030518,228.6999969482,1.4,0.9,85.7,15.0,143.6999969482,16.3,31.3,33.3,11.3,2.3,1.8,38.6,1.0,3.0,7.1,14.6,16.4,93.0,194.0,0.6,2.6,0.6,21.3,18.9,3.8,62.3,67.1,14.5,76.6,7.2,16.8,19.6,23.1,8,5.1,120,86.3,59.1,25.5,25.0,14.4,0.721,22.6,0.527,37.8,0.465,15.5,3.5,51.5,0.754,Brazil
73.6,8.6,11502.0,,,76.0,71.1,,,,,25.0,,,,0.1000000015,0.1000000015,0.3,0.4,35.6,0.0,0.1000000015,0.0,27.2,39.9,10.8,2.4,2.2,39.0,3.0,6.0,,10.8,11.8,98.0,186.0,,0.4,,18.8,6.6,2.8,,,,,,,,,,,90,34.0,53.8,-3.5999999046,,8.7,0.752,,,,,,,,0.754,Grenada
76.6,9.0,10091.0,0.923,4.0,79.2,74.1,7.8,10.6,6950.0,13261.0,19.3,69.5,87.5,34.4,3.7999999523,3.5999999046,0.2,-0.1,39.8,0.2,2.7000000477,0.6,41.5,19.0,21.7,1.2,1.3,18.5,8.0,11.0,8.9,5.1,5.4,66.0,130.0,,3.8,,20.2,19.3,6.8,32.2,46.1,,,30.3,66.9,,25.3,5,1.5,365,29.6,65.1,11.5,13.1,6.7,0.813,12.5,0.607,20.2,0.556,5.7,1.3,33.8,0.75,Bosnia and Herzegovina
75.5,9.4,12405.0,0.947,3.0,77.9,73.2,8.9,9.8,9050.0,15790.0,33.3,40.2,55.6,43.9,2.0999999046,2.0999999046,0.3,0.2,57.1,0.1,1.5,0.3,37.5,24.0,17.4,1.6,1.5,23.0,2.0,7.0,4.9,4.8,5.5,71.0,134.0,,2.3,,19.1,26.3,4.1,40.9,55.9,18.0,51.4,26.9,49.4,25.1,22.8,13,3.0,270,52.2,70.4,2.9000000954,16.1,7.6,0.789,10.6,0.602,30.1,0.509,9.3,2.3,44.1,0.748,North Macedonia
75.0,7.8,13533.0,0.854,5.0,77.5,72.7,6.6,8.5,4022.0,22926.0,25.7,34.1,35.7,16.8,39.7000007629,48.2999992371,1.3,1.9,70.7,4.6,26.0,2.4,27.6,43.6,9.1,2.4,2.9,25.7,1.0,5.0,11.7,21.9,25.5,84.0,135.0,0.0,11.0,0.1,21.6,12.1,5.2,39.1,43.7,10.8,58.4,10.5,28.6,22.8,26.9,5,,98,63.6,38.2,27.7999992371,,18.6,0.689,,,,,,,,0.745,Algeria
74.9,11.3,8189.0,0.993,1.0,78.7,71.1,11.3,11.3,5535.0,11258.0,10.7,98.5,98.1,54.9,3.0,3.0,-0.4,0.4,62.7,0.2,2.0999999046,0.3,34.6,26.0,15.3,1.7,1.6,34.6,3.0,3.0,20.8,12.6,14.1,70.0,170.0,,4.7,0.2,19.6,27.0,1.9,53.0,63.3,36.3,46.7,16.3,37.2,40.9,42.4,4,13.6,140,80.0,58.2,-11.6999998093,9.2,10.1,0.759,3.7,0.703,13.9,0.573,4.7,1.2,31.5,0.743,Armenia
71.1,11.3,7361.0,1.0,1.0,76.0,66.2,11.3,11.3,5791.0,9181.0,12.1,94.3,96.0,52.2,44.7999992371,40.9000015259,-0.8,-0.4,69.7,2.5,31.2999992371,6.9,40.3,21.4,21.9,1.1,1.5,19.7,10.0,21.0,3.7,7.7,9.0,111.0,292.0,,13.0,0.9,18.1,35.4,3.6,53.2,59.1,14.8,59.1,9.9,23.1,20.0,18.1,2,1.9,126,95.0,49.3,23.0,7.2,8.7,0.718,3.6,0.774,9.2,0.59,3.3,0.8,24.1,0.743,Ukraine
74.2,10.1,10111.0,0.864,5.0,75.9,72.6,9.7,10.7,3203.0,16694.0,11.6,78.5,82.7,14.2,7.5999999046,9.1000003815,2.2,3.1,83.7,1.0,4.5999999046,0.3,22.5,58.5,6.2,3.9,3.5,22.7,2.0,2.0,7.8,15.4,17.9,94.0,128.0,,0.3,,19.0,25.6,5.2,34.8,40.0,1.8,79.6,12.8,33.4,24.6,9.7,2,12.7,70,42.2,53.4,74.9000015259,16.4,11.9,0.734,16.9,0.583,20.5,0.554,,,,0.741,Jordan
74.8,9.0,11295.0,0.959,2.0,77.5,72.2,8.4,9.5,8939.0,13655.0,22.3,56.2,67.0,65.7,31.3999996185,36.9000015259,1.3,1.3,78.6,3.0,20.5,2.1,27.5,42.7,10.5,2.8,2.5,68.4,2.0,11.0,14.6,13.1,16.9,96.0,154.0,0.7,7.2,0.3,21.3,11.3,3.3,71.5,74.1,,75.9,3.5,9.3,15.3,46.3,34,12.1,90,33.2,40.9,10.3999996185,21.3,14.2,0.724,20.3,0.536,29.5,0.503,10.8,2.3,44.1,0.74,Peru
74.6,7.9,14519.0,1.001,1.0,78.0,71.3,7.7,8.2,12938.0,16145.0,6.1,40.9,45.8,62.9,68.0,68.3000030518,1.0,0.4,50.4,3.8,48.7999992371,7.1,38.0,24.7,14.6,1.6,1.5,12.3,1.0,1.0,16.3,10.5,12.3,105.0,207.0,0.9,11.0,1.1,21.4,3.9,5.6,70.6,71.4,41.9,37.5,1.1,4.7,13.8,55.9,8,1.5,90,81.7,39.3,16.5,20.2,10.4,0.753,16.1,0.538,34.0,0.496,6.5,1.7,37.9,0.74,Thailand
76.1,8.3,10536.0,0.976,1.0,78.9,73.4,8.2,8.4,8278.0,12795.0,41.6,48.2,49.4,49.0,16.1000003815,19.6000003815,1.7,1.6,63.7,1.6,10.3999996185,1.1,26.6,45.1,10.4,2.9,2.6,40.0,16.0,15.0,25.2,18.4,21.6,87.0,164.0,0.0,2.9,0.3,22.9,17.2,4.5,61.4,64.2,25.3,54.3,4.3,10.9,3.8,39.0,3,11.2,84,53.0,48.9,-19.3999996185,20.2,15.1,0.733,15.5,0.562,30.1,0.492,10.5,2.5,45.4,0.739,Ecuador
76.0,7.6,13345.0,0.954,2.0,77.5,74.5,7.2,7.9,10705.0,15830.0,23.6,69.8,79.4,63.6,1376.0,1415.5,0.6,0.5,55.6,83.2,1000.0,131.4,37.0,23.5,13.0,1.5,1.6,27.6,1.0,1.0,9.4,9.2,10.7,72.0,98.0,0.0,2.8,,19.4,19.4,3.1,67.6,70.9,2.5,47.0,4.6,12.1,,,,14.8,128,74.4,50.3,47.5,,8.9,0.784,,,29.5,0.521,9.2,2.1,42.2,0.738,China
70.2,10.5,8245.0,,,73.4,67.3,10.9,10.2,4695.0,11676.0,16.0,73.9,66.5,37.0,0.8999999762,0.8999999762,0.3,0.7,53.7,0.1,0.6000000238,0.1,27.6,43.9,8.9,3.0,2.6,39.8,1.0,6.0,7.5,19.1,22.4,139.0,236.0,,4.7,,17.0,4.3,3.0,50.2,54.3,,,7.7,18.2,,38.8,,13.2,84,10.6,46.3,33.4000015259,15.1,12.3,0.677,10.5,0.695,22.6,0.516,8.2,2.1,42.8,0.736,Fiji
69.8,9.8,10449.0,1.026,2.0,74.2,65.6,10.0,9.5,8809.0,12122.0,14.5,89.7,85.8,56.5,3.0,3.5,1.0,1.7,72.0,0.3,2.0,0.1,27.3,41.7,6.0,2.1,2.7,47.1,1.0,2.0,10.8,19.0,22.4,132.0,300.0,,2.2,0.1,18.0,28.4,2.6,58.1,62.5,35.0,46.8,7.1,14.7,1.5,51.4,15,6.8,120,100.0,21.4,13.3999996185,13.0,17.1,0.635,9.4,0.668,12.3,0.616,5.0,1.2,32.0,0.735,Mongolia
75.2,9.3,9791.0,0.986,1.0,78.0,72.5,9.4,9.3,8033.0,11617.0,20.7,48.2,42.0,63.1,0.200000003,0.200000003,1.1,0.8,18.5,0.0,0.1000000015,0.0,31.2,34.1,13.3,2.1,1.9,,1.0,1.0,2.5,12.7,14.3,110.0,168.0,,2.4,,21.1,1.1,3.6,55.6,69.6,,,20.1,47.2,,,4,,91,26.5,52.4,-9.1000003815,15.6,10.1,0.763,9.2,0.614,27.4,0.503,,,,0.735,Saint Lucia
75.8,9.6,8350.0,0.975,2.0,78.2,73.5,9.7,9.6,6628.0,10086.0,16.7,67.1,59.4,57.7,2.7999999523,2.9000000954,0.6,0.4,54.8,0.2,1.8999999762,0.3,29.1,35.0,13.6,2.5,2.1,23.8,3.0,8.0,5.7,13.5,15.7,101.0,166.0,,0.3,1.6,22.2,4.1,2.8,56.0,64.8,18.2,66.5,13.7,32.7,28.8,37.5,3,7.8,56,55.5,43.2,-3.9000000954,15.9,11.9,0.757,5.6,0.64,30.1,0.467,,,,0.73,Jamaica
74.2,7.6,12762.0,1.004,1.0,77.8,70.7,7.6,7.5,10215.0,15389.0,20.9,50.3,59.6,57.9,48.2000007629,53.2000007629,1.4,1.0,76.4,3.7,33.0999984741,3.4,30.0,35.4,10.2,2.3,1.9,42.8,9.0,9.0,12.7,13.6,15.9,90.0,192.0,0.9,1.5,0.5,21.4,14.7,5.4,61.7,68.6,16.3,64.1,10.0,20.5,22.0,47.9,10,9.2,98,23.0,55.9,20.8999996185,23.7,14.4,0.714,17.4,0.52,39.4,0.444,17.3,3.9,53.5,0.727,Colombia
77.9,7.9,10096.0,,,,,,,,,21.9,,,,0.1000000015,0.1000000015,0.2,0.4,69.5,,,,,,,,,,1.0,6.0,,19.6,21.2,,,,2.7,,,15.9,3.8,,,,,,,,,,,84,38.5,67.6,-28.2999992371,,,,,,,,,,,0.726,Dominica
71.3,8.3,16018.0,0.972,2.0,74.6,68.2,8.2,8.5,10501.0,21512.0,25.5,57.7,56.8,40.5,0.5,0.6000000238,0.5,0.9,66.0,0.0,0.400000006,0.0,29.0,40.4,10.4,2.7,2.4,2.8,9.0,15.0,8.8,19.0,21.3,121.0,222.0,1.2,2.1,1.1,18.5,9.1,2.9,50.2,54.5,3.2,72.9,7.8,18.6,,12.9,4,,0,,42.8,82.0,23.3,13.6,0.682,19.0,0.51,37.3,0.481,,,,0.725,Suriname
75.0,7.1,10249.0,0.904,4.0,77.4,72.7,6.7,7.8,4662.0,15967.0,31.3,37.5,49.9,25.1,11.3000001907,12.6999998093,0.8,1.1,66.8,1.0,7.8000001907,0.9,31.2,33.8,11.0,2.0,2.2,8.5,2.0,2.0,10.1,12.1,14.0,73.0,126.0,,2.0,0.1,19.5,12.2,4.0,40.6,47.7,14.8,51.5,14.8,34.5,25.4,21.6,2,4.6,30,68.8,48.5,24.2999992371,21.9,12.2,0.743,34.6,0.421,18.9,0.567,6.4,1.5,35.8,0.725,Tunisia
73.7,7.7,12756.0,0.99,1.0,76.9,70.6,7.9,7.5,9281.0,16256.0,19.1,57.2,55.5,52.3,10.5,12.1000003815,1.5,1.2,79.0,1.1,6.6999998093,0.7,26.1,47.3,10.5,2.8,2.5,4.7,9.0,12.0,7.1,25.7,30.9,121.0,205.0,0.1,3.9,1.0,21.7,14.9,2.9,55.9,65.3,14.5,41.9,14.4,29.8,21.3,41.7,13,7.8,84,11.1,51.9,-7.0,21.6,16.8,0.687,19.9,0.498,28.1,0.527,10.8,2.7,47.1,0.722,Dominican Republic
73.0,8.6,10372.0,,,75.2,71.0,,,7600.0,13095.0,13.0,,,56.3,0.1000000015,0.1000000015,0.2,0.0,50.6,0.0,0.1000000015,0.0,29.8,36.0,10.8,2.2,2.0,,1.0,1.0,,16.6,18.3,130.0,182.0,,1.0,,19.9,5.3,4.4,53.5,66.8,,,20.0,39.6,,8.0,,,91,76.6,51.8,-14.0,,12.7,0.712,,,,,,,,0.722,St. Vin. and Gren.
73.0,11.1,5284.0,0.969,2.0,76.0,70.1,11.0,11.1,3959.0,6602.0,0.0,91.2,91.1,52.8,0.1000000015,0.1000000015,0.6,0.4,23.7,0.0,0.1000000015,0.0,21.3,64.1,10.2,4.2,3.8,52.2,14.0,33.0,8.1,14.4,16.7,102.0,167.0,,2.1,,18.6,5.6,4.3,60.0,63.2,,,5.2,11.7,,,,,0,1.0,45.0,25.7999992371,,13.6,0.704,,,,,6.9,1.7,38.1,0.721,Tonga
71.8,7.3,14303.0,0.95,2.0,74.8,69.0,7.7,7.0,7163.0,21364.0,16.0,65.7,44.2,27.8,6.3000001907,7.4000000954,1.7,0.0,78.6,0.6,4.0999999046,0.3,27.5,45.5,6.9,2.8,2.5,,4.0,7.0,21.0,11.4,13.4,99.0,173.0,,9.7,,18.2,19.0,3.7,42.2,53.2,,,20.6,50.0,,,,,98,43.3,19.0,-13.0,,15.8,0.671,,,,,,,,0.716,Libya
70.1,10.5,7375.0,0.967,2.0,73.1,67.4,10.5,10.5,5360.0,9402.0,13.3,77.9,77.4,56.3,0.400000006,0.5,2.7,2.2,44.0,0.0,0.200000003,0.0,23.5,50.9,5.9,3.4,2.6,14.7,4.0,5.0,19.3,14.2,16.5,132.0,224.0,0.0,1.8,1.5,17.0,8.3,3.9,61.6,69.8,,,11.8,22.0,27.9,23.5,3,,98,64.6,41.6,-22.2999992371,21.8,11.6,0.681,15.9,0.592,37.9,0.403,,,,0.706,Belize
73.7,10.3,5372.0,,,77.0,70.7,,,3444.0,7182.0,6.1,77.8,70.4,23.1,0.200000003,0.200000003,0.6,0.8,19.1,0.0,0.1000000015,0.0,21.2,64.9,9.1,4.4,4.2,51.3,1.0,9.0,,15.0,17.5,93.0,159.0,,3.4,,18.9,4.8,6.5,38.7,41.1,5.4,79.9,5.8,14.1,38.2,30.9,,,28,49.5,25.4,21.0,,13.3,0.716,,,,,7.9,2.2,42.7,0.704,Samoa
77.0,6.2,10383.0,0.937,3.0,78.0,76.0,6.2,6.3,7155.0,13591.0,5.9,34.3,30.9,57.3,0.400000006,0.400000006,1.7,1.8,45.5,0.0,0.200000003,0.0,26.4,40.5,6.9,2.6,2.2,47.8,1.0,1.0,20.3,7.4,8.6,59.0,83.0,,2.3,,19.5,14.2,10.8,59.9,68.0,14.6,67.0,11.8,27.9,56.4,18.8,,13.0,60,99.7,54.5,36.2000007629,23.4,7.1,0.814,40.0,0.337,23.2,0.539,7.1,1.7,38.4,0.701,Maldives
69.4,12.0,5748.0,0.946,3.0,71.9,65.1,11.8,12.3,3891.0,7668.0,16.4,99.9,99.9,48.3,29.8999996185,34.4000015259,1.1,1.5,36.4,3.2,20.0,1.4,26.3,42.7,7.0,2.5,2.5,26.4,1.0,1.0,19.6,33.9,39.1,133.0,238.0,,9.1,0.2,18.3,25.3,3.1,55.6,61.8,,,10.1,19.8,,,,,126,98.1,42.8,-2.7999999523,15.3,24.3,0.575,1.4,0.729,20.1,0.489,,,,0.701,Uzbekistan
71.7,11.9,5026.0,1.01,1.0,75.9,67.6,12.0,11.8,4461.0,5637.0,21.8,95.2,97.3,38.8,4.0999999046,3.7999999523,-0.2,-0.1,45.0,0.2,3.0,0.4,35.6,21.2,13.4,1.2,1.3,36.4,6.0,10.0,6.4,13.6,15.8,101.0,244.0,,7.8,0.6,17.3,29.8,5.3,39.9,42.0,28.8,53.5,5.0,15.6,28.6,32.0,16,1.2,126,72.8,49.8,51.2999992371,10.1,9.0,0.724,7.3,0.672,14.0,0.509,3.8,0.9,26.8,0.699,Moldova
64.5,9.2,14663.0,0.984,1.0,66.9,62.2,9.2,9.5,13278.0,16050.0,9.5,85.1,86.7,73.4,2.2999999523,2.7999999523,1.4,2.0,57.4,0.3,1.5,0.1,24.2,49.7,5.6,3.2,2.9,20.3,2.0,3.0,31.4,34.8,43.6,262.0,346.0,0.4,28.0,22.2,17.1,3.4,3.2,63.0,77.4,26.4,56.1,18.6,29.4,,12.9,9,26.3,84,100.0,27.5,40.7999992371,36.2,20.9,0.542,32.1,0.447,55.5,0.335,22.9,5.8,60.5,0.698,Botswana
64.9,8.1,19044.0,0.923,4.0,65.7,64.1,7.3,9.0,15838.0,22177.0,16.0,62.3,45.9,39.9,1.7000000477,2.2999999523,2.2,2.2,87.2,0.2,1.0,0.1,21.4,64.3,8.8,4.4,4.0,6.0,23.0,39.0,17.5,36.1,50.8,246.0,245.0,67.4,55.0,3.8,18.3,2.9,2.4,38.8,48.8,,,20.5,36.3,,31.3,13,17.7,98,38.8,23.5,63.2999992371,23.8,27.6,0.501,23.5,0.473,20.4,0.631,8.4,2.1,42.2,0.697,Gabon
73.0,8.1,8182.0,0.966,2.0,75.2,70.9,8.1,8.2,6138.0,10165.0,16.8,46.2,47.0,58.1,6.5999999046,7.8000001907,1.8,1.3,59.7,0.7,4.1999998093,0.4,24.9,47.2,9.4,3.2,2.6,24.4,2.0,10.0,10.9,17.5,20.5,126.0,166.0,0.0,2.9,0.4,21.0,12.3,4.5,68.0,71.5,22.8,58.2,4.9,12.3,12.3,38.1,28,6.0,63,22.2,44.4,15.0,23.5,18.3,0.666,14.0,0.527,38.3,0.41,14.7,3.5,51.7,0.693,Paraguay
71.3,7.1,10064.0,0.884,5.0,73.6,69.2,6.4,7.9,4750.0,15267.0,2.2,54.5,68.2,22.8,91.5,117.0999984741,1.8,2.2,43.1,12.1,56.4000015259,4.8,24.7,53.8,8.5,3.2,3.4,39.7,4.0,7.0,22.3,20.3,24.0,113.0,189.0,,0.3,0.1,17.3,28.3,2.2,43.5,49.4,28.0,47.9,12.1,35.5,27.9,26.4,7,48.2,90,32.7,35.9,22.6000003815,28.2,13.4,0.684,35.0,0.39,36.3,0.444,,,,0.691,Egypt
65.7,9.9,14026.0,,,70.0,61.6,,,9359.0,18856.0,25.8,,,47.3,5.4000000954,6.1999998093,1.1,1.3,50.0,0.5,3.5999999046,0.2,26.4,41.7,6.1,2.8,2.3,10.9,1.0,1.0,18.9,43.7,51.4,153.0,297.0,,3.4,,17.0,23.9,1.3,55.8,62.0,,,10.0,19.5,,,,,,,15.0,130.1000061035,,26.0,0.521,,,,,,,,0.691,Turkmenistan
69.1,7.9,10053.0,0.926,3.0,71.2,67.0,7.4,8.5,6668.0,13391.0,17.1,42.9,51.7,50.9,257.6000061035,295.5,1.3,1.3,53.7,24.9,172.8999938965,13.3,28.4,41.2,7.7,2.5,2.5,41.5,6.0,23.0,36.4,22.8,27.2,147.0,205.0,9.8,41.0,0.5,16.5,2.0,1.1,63.4,67.4,34.3,44.8,5.8,19.3,24.1,33.0,7,38.7,90,8.1,22.0,50.7999992371,18.2,16.5,0.63,20.8,0.492,17.3,0.576,6.6,1.8,39.5,0.689,Indonesia
73.1,8.9,5256.0,0.867,5.0,75.1,71.1,8.6,9.3,1766.0,8651.0,,56.3,61.2,17.8,4.6999998093,6.8000001907,2.1,2.8,75.3,0.7,2.7000000477,0.1,19.3,70.8,5.2,5.0,4.3,38.6,1.0,1.0,7.4,18.0,21.1,98.0,143.0,,0.2,,18.5,8.4,,32.4,43.7,10.5,61.1,25.9,39.8,31.0,25.6,6,2.6,70,8.0,57.4,19.6000003815,15.1,13.7,0.705,16.5,0.547,15.0,0.509,5.5,1.4,34.5,0.684,West Bank and Gaza
75.9,8.0,5335.0,1.01,1.0,80.6,71.2,7.9,8.2,4834.0,5846.0,24.3,64.0,76.7,73.8,93.4000015259,105.1999969482,1.0,1.1,33.6,7.7,65.5999984741,6.3,30.4,32.9,9.6,1.9,2.0,24.3,5.0,3.0,19.4,17.3,21.7,68.0,186.0,0.2,18.0,0.5,22.4,11.9,3.8,76.7,78.3,46.8,32.0,2.1,5.3,9.3,62.6,16,14.6,180,34.5,52.7,4.3000001907,17.8,14.2,0.738,17.6,0.508,21.4,0.472,6.8,1.6,37.6,0.683,Vietnam
68.3,9.3,8395.0,1.001,1.0,71.9,65.0,9.5,9.2,6845.0,9917.0,27.1,72.8,70.3,50.5,100.6999969482,123.5999984741,2.0,1.6,44.4,11.3,63.9000015259,4.6,24.2,50.3,7.2,3.7,3.0,34.0,14.0,12.0,30.3,22.2,28.0,144.0,272.0,0.1,10.0,0.1,16.8,11.5,1.6,60.4,64.7,30.4,53.6,6.7,15.7,24.8,38.4,11,32.0,60,28.5,40.7,32.7000007629,18.2,16.2,0.623,11.6,0.563,26.8,0.49,8.4,2.2,43.0,0.682,Philippines
73.3,6.5,7732.0,0.958,2.0,77.7,68.6,6.2,6.9,5386.0,10385.0,32.1,39.4,44.8,49.1,6.0999999046,6.4000000954,0.5,0.3,66.7,0.5,4.0,0.5,26.7,41.7,12.6,2.6,2.0,47.0,4.0,6.0,14.0,14.4,16.8,105.0,265.0,0.0,1.9,0.5,21.5,16.0,4.5,58.7,62.8,19.6,60.1,6.4,13.0,5.7,37.6,19,9.4,84,18.1,26.9,17.2999992371,22.0,13.7,0.707,26.6,0.429,25.7,0.488,8.4,2.0,41.8,0.68,El Salvador
68.7,8.2,6155.0,0.934,3.0,71.3,66.3,7.6,8.8,4695.0,7610.0,51.8,49.6,58.7,63.9,10.6999998093,13.1999998093,1.8,1.6,68.5,1.2,6.5999999046,0.7,24.1,53.1,10.6,3.8,3.0,64.3,2.0,5.0,18.1,30.6,38.4,156.0,219.0,0.1,3.1,0.3,21.1,4.7,4.6,70.5,73.1,,,3.6,7.1,,54.3,26,12.7,90,100.0,45.1,30.3999996185,28.7,29.0,0.532,20.8,0.52,36.4,0.396,14.7,3.0,48.4,0.674,Bolivia
57.7,10.3,12087.0,0.962,2.0,59.5,55.5,10.2,10.5,8795.0,15489.0,41.2,73.7,76.2,46.2,54.5,60.0,1.5,1.1,64.8,5.4,35.7999992371,2.7,25.7,44.5,7.7,2.8,2.4,8.3,27.0,30.0,23.9,33.6,40.5,419.0,464.0,2.2,44.0,19.2,16.1,7.8,4.2,39.7,53.0,4.6,71.9,25.1,50.0,31.3,9.3,,16.6,120,92.6,51.9,62.7000007629,32.0,25.7,0.43,13.8,0.608,56.4,0.316,27.9,7.1,63.4,0.666,South Africa
70.8,10.8,3097.0,0.967,2.0,74.8,66.8,10.9,10.7,2123.0,4090.0,19.2,100.0,99.9,49.4,5.9000000954,7.0999999046,0.6,1.7,35.7,0.8,3.7999999523,0.3,25.1,48.8,6.6,2.5,3.1,41.1,4.0,4.0,12.9,19.0,21.3,111.0,251.0,0.0,11.0,0.2,17.7,19.7,3.6,57.7,62.9,31.7,48.1,8.2,14.6,21.2,41.6,26,15.4,126,100.0,30.2,34.2999992371,12.1,13.6,0.675,5.0,0.685,17.7,0.427,3.7,1.0,26.8,0.664,Kyrgyzstan
69.6,6.6,11608.0,0.804,5.0,71.8,67.4,5.4,7.8,3552.0,19467.0,26.5,35.8,55.5,15.1,36.4000015259,54.0999984741,2.7,3.3,69.5,5.7,20.3999996185,1.1,19.3,73.2,5.5,4.7,4.6,19.6,23.0,43.0,22.6,26.5,32.0,132.0,198.0,,2.2,,17.5,6.1,3.3,35.3,42.4,,,16.9,35.1,,,5,29.7,72,56.0,17.2,24.8999996185,22.0,19.3,0.616,30.6,0.347,16.1,0.602,,,,0.649,Iraq
73.5,4.8,6049.0,,,75.2,71.6,,,4030.0,8123.0,20.8,,,53.2,0.5,0.6000000238,1.6,1.2,65.5,0.1,0.3000000119,0.0,24.5,45.1,7.0,3.2,2.4,59.6,1.0,7.0,,20.7,24.5,97.0,137.0,0.0,5.3,1.0,18.6,3.1,3.6,60.9,68.3,,,10.8,17.5,,,6,48.7,60,55.7,43.0,66.6999969482,19.9,13.4,0.713,18.2,0.436,28.0,0.446,10.7,2.7,47.2,0.648,Cabo Verde
74.3,5.0,7195.0,0.826,5.0,75.3,73.3,3.8,6.4,3388.0,11091.0,15.7,25.7,33.2,25.3,34.4000015259,39.7999992371,1.0,1.4,60.2,3.4,22.8999996185,2.1,28.0,40.9,9.3,2.5,2.6,27.8,1.0,1.0,14.9,23.7,27.6,87.0,106.0,,7.9,0.1,19.1,6.2,2.0,44.5,49.2,39.2,39.4,9.6,19.3,,50.7,8,13.1,98,39.8,57.1,25.5,28.3,16.0,0.702,45.8,0.273,23.0,0.497,7.4,1.9,40.7,0.647,Morocco
75.2,6.5,4747.0,0.961,2.0,78.2,72.2,6.8,6.4,3150.0,6389.0,41.3,45.7,44.1,49.1,6.0999999046,7.0,1.4,1.2,58.8,0.6,3.9000000954,0.3,25.2,46.3,7.8,2.8,2.3,31.7,1.0,1.0,23.0,18.8,22.1,106.0,194.0,0.1,3.4,0.3,22.3,9.0,5.1,60.4,64.2,32.2,51.3,6.0,9.7,,47.1,15,20.2,84,23.7,19.7,70.5999984741,25.4,14.6,0.725,29.5,0.382,32.1,0.396,10.9,2.7,47.1,0.645,Nicaragua
72.1,6.3,7063.0,0.959,2.0,75.6,68.5,6.3,6.3,5132.0,9081.0,13.9,37.4,36.2,41.3,16.2999992371,21.3999996185,2.4,2.1,51.6,2.1,9.6000003815,0.8,21.2,62.6,8.3,4.2,3.3,53.2,11.0,33.0,46.5,24.3,29.1,129.0,236.0,0.0,1.6,0.6,21.3,9.3,2.3,59.8,61.5,32.7,50.2,2.7,6.2,29.8,44.5,26,14.4,84,14.1,27.1,-11.5,29.1,17.0,0.665,36.2,0.324,34.1,0.424,12.1,3.0,48.7,0.64,Guatemala
65.1,6.7,9770.0,0.986,1.0,67.5,62.5,6.9,6.5,7971.0,11667.0,37.7,38.1,39.0,55.7,2.5,3.2999999523,1.3,2.3,46.7,0.3,1.5,0.1,21.2,61.4,5.9,3.8,3.6,48.5,8.0,17.0,23.1,32.8,45.4,249.0,325.0,0.1,63.0,13.3,17.3,3.7,5.4,44.2,59.3,31.4,54.2,25.5,49.6,32.0,7.8,,31.2,84,98.4,22.3,14.1000003815,33.4,21.7,0.543,25.0,0.41,53.6,0.321,20.3,5.8,61.0,0.64,Namibia
66.5,8.4,6884.0,0.943,3.0,68.9,64.2,8.5,8.4,4346.0,9397.0,30.4,68.1,53.2,41.8,0.8000000119,0.8000000119,0.0,0.4,28.6,0.1,0.5,0.0,24.7,43.5,7.6,2.9,2.6,23.3,2.0,1.0,12.0,32.0,39.4,173.0,250.0,23.6,21.0,1.5,16.0,2.1,3.1,52.9,59.5,,,11.2,25.1,,,18,,91,100.0,38.2,-5.8000001907,18.5,20.7,0.567,10.5,0.508,24.4,0.483,,,,0.638,Guyana
69.3,9.7,3291.0,,,70.3,68.2,,,,,0.0,,,,0.1000000015,0.1000000015,-0.2,0.2,22.4,0.0,0.1000000015,0.0,21.5,55.3,7.1,4.1,3.3,60.0,2.0,9.0,,28.6,34.7,150.0,178.0,,16.0,,17.3,1.8,12.4,,,,,,,,,,,,,31.5,-100.0,,19.8,0.608,,,,,9.6,2.1,42.5,0.638,Micronesia
69.6,10.4,2601.0,0.93,3.0,73.4,66.3,9.6,11.2,2100.0,3088.0,14.7,98.1,88.2,59.4,8.5,11.1000003815,1.9,2.2,26.8,1.2,5.3000001907,0.3,22.5,56.0,4.8,3.7,3.6,34.3,2.0,2.0,26.8,38.5,44.8,118.0,207.0,0.0,3.3,0.3,18.3,19.2,2.0,61.0,68.5,,,10.9,16.8,,47.1,10,21.6,140,80.2,19.0,26.6000003815,14.9,23.2,0.586,6.5,0.615,15.0,0.418,4.5,1.2,30.8,0.627,Tajikistan
73.3,6.2,4466.0,0.942,3.0,75.9,70.9,6.2,6.1,2680.0,6254.0,25.8,33.4,31.1,47.2,8.1000003815,9.6999998093,1.9,1.5,54.7,0.8,5.0999999046,0.4,23.4,50.1,7.7,3.6,2.5,31.2,14.0,12.0,22.7,17.4,20.4,122.0,174.0,0.1,1.0,0.4,22.1,3.7,4.4,63.1,65.6,35.8,45.4,3.9,7.1,41.4,53.3,15,28.2,84,8.4,20.4,-23.3999996185,28.5,19.6,0.66,24.4,0.391,41.5,0.336,15.8,3.4,50.6,0.625,Honduras
68.3,6.3,5663.0,0.819,5.0,69.9,66.9,4.8,8.2,2184.0,8897.0,12.2,35.3,61.4,26.8,1311.0999755859,1527.6999511719,1.7,1.3,32.7,123.7,860.0,73.6,26.6,43.9,8.6,3.1,2.5,46.4,10.0,17.0,38.7,37.9,47.7,145.0,217.0,4.1,17.0,,17.7,7.0,1.4,51.9,53.7,49.7,28.7,3.5,9.7,27.2,80.8,12,52.9,84,24.1,26.0,26.3999996185,26.5,24.0,0.565,39.4,0.324,16.1,0.512,5.3,1.5,35.2,0.624,India
69.9,3.1,7081.0,0.9,5.0,70.1,69.6,2.1,4.2,5657.0,8308.0,8.3,5.8,13.4,58.7,0.8000000119,0.8999999762,2.9,1.5,38.6,0.1,0.5,0.0,26.7,39.5,7.4,3.1,2.1,51.4,1.0,3.0,33.6,27.2,32.9,216.0,210.0,0.0,9.5,,20.2,2.6,2.6,64.7,66.4,56.3,32.7,2.6,9.2,,53.1,3,10.9,56,3.2,39.8,58.4000015259,28.4,20.7,0.608,44.8,0.25,19.6,0.517,6.8,1.8,38.8,0.607,Bhutan
68.5,4.4,5371.0,0.858,5.0,70.4,66.8,3.6,5.3,3124.0,7549.0,38.5,,,26.8,1.2000000477,1.6000000238,3.1,2.3,32.8,0.2,0.6000000238,0.1,18.5,81.5,10.7,7.0,5.9,62.3,19.0,26.0,50.2,44.7,52.6,128.0,174.0,16.2,94.0,,16.9,0.7,1.3,39.3,41.3,50.6,39.8,5.0,15.7,,69.6,4,77.7,84,100.0,13.4,167.8999938965,29.9,24.4,0.564,47.6,0.259,17.8,0.495,4.6,1.2,31.6,0.605,Timor-Leste
72.1,6.8,2805.0,,,74.3,70.2,,,2139.0,3453.0,0.0,,,61.6,0.3000000119,0.400000006,2.5,2.3,26.1,0.0,0.200000003,0.0,22.2,61.6,7.1,4.1,3.4,72.6,25.0,47.0,28.5,23.1,27.5,108.0,156.0,3.7,7.9,,18.0,1.2,4.5,68.0,71.0,,,4.3,8.8,,70.0,15,,84,3.5,22.4,-7.9000000954,17.1,15.4,0.678,17.5,0.434,18.5,0.41,6.6,1.6,37.2,0.597,Vanuatu
62.9,6.3,5503.0,0.932,3.0,64.4,61.4,5.5,6.7,4731.0,6274.0,11.5,45.0,50.0,67.1,4.5999999046,6.8000001907,2.4,2.6,65.4,0.8,2.5,0.2,18.7,79.4,6.8,5.1,5.0,32.9,5.0,20.0,21.2,33.2,45.0,247.0,286.0,103.8,46.0,,17.9,1.0,4.2,64.8,69.8,,,7.2,12.2,,75.1,23,46.3,105,22.1,7.6,23.5,24.6,31.1,0.455,21.5,0.408,21.2,0.477,12.8,3.1,48.9,0.592,Congo
57.9,5.5,21517.0,,,59.4,56.6,4.0,7.3,17462.0,25375.0,19.7,,,71.3,0.8000000119,1.2000000477,3.3,3.0,39.9,0.1,0.5,0.0,20.5,67.9,5.0,5.6,5.0,7.4,35.0,56.0,26.2,68.2,94.1,286.0,326.0,69.3,6.6,4.9,16.8,3.0,2.9,74.3,82.0,,,9.4,15.3,,,28,20.4,84,,21.3,16.2999992371,,38.4,0.359,,,,,,,,0.592,Equatorial Guinea
66.2,7.8,2475.0,,,69.5,63.0,,,,,8.7,,,,0.1000000015,0.1000000015,1.8,1.8,44.3,0.0,0.1000000015,0.0,22.4,57.0,6.0,4.0,3.8,69.0,17.0,9.0,,43.6,55.9,159.0,240.0,,49.0,,16.8,3.8,8.3,,,22.1,61.8,,,,53.3,,,84,,13.0,258.299987793,32.0,26.1,0.526,21.4,0.464,48.4,0.25,7.2,1.6,37.6,0.588,Kiribati
66.6,5.2,5049.0,0.924,4.0,68.0,65.2,4.5,5.6,4408.0,5696.0,25.0,30.4,42.8,77.7,6.8000001907,8.5,1.5,1.7,38.6,0.8,4.1999998093,0.3,21.9,56.6,6.2,3.9,3.1,40.4,6.0,13.0,43.8,50.7,66.7,176.0,217.0,9.5,55.0,,16.6,1.8,0.9,76.1,77.4,71.3,20.2,1.6,4.0,,83.9,10,84.1,105,5.6,18.2,-15.1999998093,26.9,26.2,0.529,34.1,0.313,20.3,0.472,6.3,1.7,37.9,0.586,Laos
72.0,5.2,3341.0,0.927,3.0,73.3,70.7,5.0,5.6,2379.0,4285.0,20.0,42.0,44.3,43.1,161.0,186.5,1.7,1.2,34.3,15.3,105.5999984741,8.0,25.6,44.9,7.6,2.9,2.2,55.3,3.0,11.0,36.1,30.7,37.6,107.0,152.0,13.9,51.0,0.1,18.7,3.6,0.8,59.4,62.2,47.5,35.3,4.4,11.6,40.3,57.8,4,86.1,112,39.5,14.4,85.5,28.6,20.1,0.639,37.3,0.287,28.3,0.38,4.7,1.3,32.1,0.579,Bangladesh
61.5,6.9,3839.0,0.899,5.0,62.5,60.5,5.8,7.9,3200.0,4484.0,10.9,51.8,68.5,75.5,27.3999996185,36.9000015259,2.6,2.4,54.0,4.1,15.8000001907,0.9,20.6,67.2,5.9,4.6,4.2,52.3,1.0,8.0,18.8,42.8,61.6,231.0,270.0,67.0,36.0,1.6,15.6,1.0,2.1,72.1,77.0,44.7,40.9,6.3,12.2,,76.8,22,44.1,84,7.6,23.5,80.5,32.5,30.8,0.442,34.9,0.358,31.7,0.377,9.3,2.2,42.8,0.579,Ghana
60.8,6.9,3464.0,0.924,4.0,62.9,58.8,6.4,7.4,2803.0,4126.0,12.7,52.3,48.9,69.8,16.2000007629,25.2999992371,2.6,3.1,40.9,2.9,8.3000001907,0.5,16.9,89.7,5.7,6.1,5.5,72.5,4.0,15.0,40.0,43.3,64.0,270.0,331.0,79.2,32.0,12.9,17.7,1.7,2.8,67.3,75.3,52.2,38.3,10.7,19.7,28.3,79.0,41,78.4,84,7.7,21.0,80.6999969482,34.7,33.8,0.416,21.7,0.452,48.6,0.275,16.0,4.3,55.6,0.579,Zambia
66.6,5.3,3070.0,0.907,4.0,68.6,64.5,4.7,5.9,2000.0,4149.0,18.2,30.8,44.8,45.3,0.200000003,0.3000000119,2.2,2.2,65.1,0.0,0.1000000015,0.0,18.5,78.5,5.7,5.1,4.7,73.8,2.0,8.0,17.2,34.6,47.3,165.0,219.0,42.5,7.3,,18.2,4.9,3.6,52.1,60.5,26.1,46.9,14.0,21.8,,,26,,90,41.8,25.8,12.8999996185,24.7,26.9,0.524,21.4,0.4,25.8,0.384,4.7,1.1,30.8,0.574,São Tomé and Principe
68.8,4.7,3095.0,0.892,5.0,70.8,66.7,3.7,5.5,2650.0,3563.0,19.0,13.2,26.1,75.5,15.6000003815,19.0,1.8,1.6,20.7,1.8,10.0,0.6,23.9,49.2,6.4,3.4,2.7,65.2,1.0,6.0,32.4,24.6,28.7,145.0,210.0,3.7,58.0,0.6,17.1,1.7,1.3,80.5,80.9,54.1,29.6,0.5,0.8,7.8,64.1,19,71.8,90,5.0,19.0,134.3999938965,22.4,19.7,0.603,27.3,0.333,20.3,0.413,4.4,1.2,30.8,0.563,Cambodia
70.0,4.1,2337.0,0.925,4.0,71.5,68.6,3.2,5.0,1979.0,2718.0,29.5,24.1,41.2,79.7,28.5,33.0999984741,1.4,1.2,18.6,2.8,17.6000003815,1.6,23.1,52.9,9.0,3.6,2.3,56.9,6.0,12.0,37.4,29.4,35.8,139.0,177.0,0.2,17.0,0.2,17.3,2.1,2.3,80.5,83.0,66.5,22.4,3.1,5.1,9.2,,37,43.9,52,62.5,17.6,182.5,25.8,19.6,0.618,43.9,0.267,13.9,0.41,5.0,1.3,32.8,0.558,Nepal
66.1,4.7,4943.0,,,68.2,64.0,4.9,4.9,4182.0,5740.0,13.0,27.1,20.0,75.1,53.9000015259,60.2000007629,0.9,0.8,34.1,4.6,36.2000007629,2.9,27.9,41.1,8.0,2.9,2.3,23.6,10.0,14.0,35.1,39.5,50.0,173.0,229.0,11.3,53.0,0.8,16.7,6.1,1.0,74.3,78.0,,,4.7,12.1,,,,82.6,98,,21.8,6603.2001953125,,26.0,0.525,19.4,0.33,,,,,,0.556,Burma
62.2,6.3,2881.0,0.919,4.0,64.1,60.3,5.7,7.0,2357.0,3405.0,20.8,27.8,34.1,62.1,46.0999984741,65.4000015259,2.6,2.7,25.6,7.2,25.5,1.3,18.9,75.8,5.1,5.0,4.4,61.4,12.0,21.0,26.0,35.5,49.4,251.0,296.0,49.6,21.0,5.9,17.8,2.0,3.5,60.9,67.1,,,9.2,17.6,,,26,,90,7.9,45.6,32.2000007629,29.4,32.1,0.44,22.9,0.4,33.1,0.339,11.6,2.9,48.5,0.555,Kenya
66.4,5.1,5031.0,0.742,5.0,67.4,65.4,3.7,6.5,1498.0,8376.0,20.0,26.5,46.1,24.3,188.8999938965,244.8999938965,2.1,2.1,38.8,24.7,114.3000030518,8.5,22.5,57.9,7.4,4.2,3.7,37.7,21.0,37.0,45.0,65.8,81.1,143.0,179.0,1.8,26.0,0.1,17.8,8.3,0.9,51.0,53.9,43.5,34.0,5.4,10.7,,63.1,,37.1,84,2.3,18.0,16.7999992371,29.6,32.8,0.479,44.4,0.22,11.6,0.523,4.4,1.2,30.7,0.55,Pakistan
48.9,6.8,7522.0,0.853,5.0,48.1,49.6,6.4,7.2,5078.0,10020.0,14.7,27.3,30.5,40.0,1.2999999523,1.5,0.8,1.5,21.3,0.2,0.8000000119,0.0,20.5,63.2,6.1,4.0,3.4,63.8,1.0,14.0,25.5,44.5,60.7,612.0,576.0,1.2,51.0,28.8,16.3,1.7,7.0,38.6,51.8,,,25.6,53.0,,,7,22.9,14,86.0,30.4,20.2999992371,33.1,35.0,0.289,26.8,0.399,37.6,0.408,14.2,3.5,51.5,0.541,Eswatini
69.7,5.1,2441.0,0.851,5.0,76.6,63.9,4.6,5.6,835.0,4007.0,12.4,34.8,43.4,12.2,18.5,28.6000003815,2.1,-2.3,57.7,2.2,10.8999996185,0.8,20.8,63.1,6.9,3.7,3.0,42.6,35.0,46.0,27.5,11.1,12.9,86.0,283.0,,0.1,,18.7,14.6,1.5,36.5,41.7,13.2,55.3,12.3,28.5,,32.9,4,34.8,120,16.7,30.0,15.0,21.4,14.5,0.653,31.5,0.286,18.3,0.394,,,,0.536,Syrian Arab Republic
52.7,5.0,6291.0,,,54.2,51.2,,,5073.0,7527.0,36.8,,,59.9,25.0,39.4000015259,3.5,3.3,44.1,4.7,12.5,0.6,16.1,95.2,4.6,6.8,6.2,,1.0,15.0,29.2,96.0,156.9,321.0,369.0,100.9,52.0,2.2,15.7,1.7,2.1,63.2,68.4,,,7.6,12.0,,,24,49.9,90,14.5,12.4,26.5,36.6,46.2,0.271,34.6,0.316,28.9,0.445,8.9,2.2,42.7,0.533,Angola
65.5,5.8,2467.0,0.937,3.0,66.9,64.1,5.4,6.2,2359.0,2576.0,36.0,10.1,15.3,74.0,53.5,82.9000015259,2.8,3.2,31.6,9.4,27.6000003815,1.7,17.3,87.6,6.2,5.7,5.2,41.1,1.0,1.0,34.7,35.2,48.7,243.0,281.0,50.5,58.0,4.7,18.5,0.3,2.6,76.0,78.6,66.9,26.6,3.2,6.3,31.8,74.0,29,72.6,84,3.2,5.4,62.5999984741,25.4,25.0,0.525,28.5,0.315,22.7,0.374,6.2,1.7,37.8,0.531,Tanzania
53.1,6.0,5443.0,0.847,5.0,53.4,52.7,4.9,7.1,4132.0,6706.0,5.8,,,48.4,182.1999969482,262.6000061035,2.6,2.7,47.8,31.1,97.0999984741,5.0,17.9,82.6,5.1,6.1,5.7,17.4,25.0,49.0,32.9,69.4,108.8,346.0,379.0,106.6,97.0,3.1,13.7,4.0,0.9,53.1,56.3,,,5.8,8.6,,,25,72.3,84,,47.4,50.4000015259,37.5,40.8,0.301,43.3,0.27,28.4,0.432,9.1,2.2,43.0,0.527,Nigeria
56.0,6.1,2894.0,0.853,5.0,57.1,54.8,4.6,7.4,2340.0,3448.0,27.1,31.7,37.9,71.0,23.2999992371,32.9000015259,2.6,2.5,54.4,3.7,12.6999998093,0.7,18.5,78.4,5.9,5.5,4.8,28.2,7.0,20.0,31.7,57.1,87.9,345.0,370.0,64.7,31.0,4.5,16.5,0.8,0.9,72.5,76.0,,,4.6,7.0,10.8,73.6,47,48.1,98,12.5,20.7,71.5999984741,32.4,39.4,0.335,34.8,0.322,23.1,0.391,11.4,2.7,46.5,0.518,Cameroon
62.8,4.3,2712.0,,,65.0,60.7,3.7,5.3,2362.0,3047.0,2.7,8.8,14.7,69.6,7.5999999046,10.1000003815,2.5,2.1,13.0,1.0,4.5999999046,0.2,21.2,62.1,5.0,4.4,3.8,56.1,13.0,35.0,49.5,44.5,57.3,237.0,313.0,40.3,40.0,0.8,14.9,0.6,3.5,68.1,70.3,,,3.1,6.7,,,,66.5,0,0.9,7.9,67.5999984741,,26.5,0.484,11.5,0.371,,,10.4,2.3,43.9,0.516,Papua New Guinea
59.2,7.7,1588.0,0.927,3.0,60.7,57.7,7.3,8.2,1360.0,1822.0,35.1,51.9,64.7,77.8,15.6000003815,21.3999996185,0.8,2.2,32.4,2.5,8.6999998093,0.5,18.9,75.0,5.3,4.0,4.0,41.0,2.0,8.0,27.6,46.6,70.7,382.0,413.0,18.4,15.0,14.7,17.5,0.8,2.5,74.7,82.4,65.8,25.0,9.3,15.4,,65.5,,82.9,98,6.2,16.4,44.0,28.1,31.2,0.415,17.4,0.45,35.8,0.268,8.5,2.2,43.2,0.516,Zimbabwe
68.1,5.3,1561.0,,,69.6,66.7,,,1061.0,2045.0,2.0,,,61.1,0.6000000238,0.8000000119,2.6,2.1,22.3,0.1,0.3000000119,0.0,19.9,69.1,5.9,4.6,4.1,73.7,5.0,7.0,32.8,23.6,28.1,157.0,198.0,5.5,13.0,,16.9,2.2,4.6,43.9,67.4,,,34.8,51.5,,,,52.6,84,13.1,10.0,231.1999969482,23.8,22.3,0.575,22.8,0.343,26.3,0.306,10.5,2.6,46.1,0.515,Solomon Islands
63.2,4.3,3527.0,0.818,5.0,64.7,61.7,3.3,5.4,1608.0,5422.0,22.2,11.1,23.5,29.1,4.0999999046,5.6999998093,3.0,2.5,59.9,0.6,2.2999999523,0.1,19.8,70.5,5.7,5.3,4.7,26.9,12.0,16.0,22.0,65.1,84.7,183.0,228.0,67.2,22.0,0.6,16.5,0.7,1.9,32.5,47.2,,,31.1,47.3,,,15,17.6,98,9.3,15.2,16.1000003815,31.9,33.7,0.441,40.8,0.223,21.2,0.424,5.3,1.2,32.4,0.513,Mauritania
65.5,6.1,1320.0,0.948,3.0,67.0,64.0,6.7,6.1,1091.0,1549.0,20.5,,,83.8,24.2000007629,36.0,3.0,2.8,35.1,3.8,13.3999996185,0.7,18.7,75.2,5.1,5.3,4.5,41.9,17.0,36.0,49.2,35.9,49.6,199.0,248.0,41.4,51.0,0.4,16.9,1.6,1.5,84.6,86.4,75.3,16.9,2.2,3.6,5.0,86.0,23,90.0,98,4.6,4.2,25.7999992371,26.8,24.8,0.527,35.0,0.32,20.4,0.31,8.6,2.1,42.7,0.512,Madagascar
64.7,3.8,1617.0,0.992,1.0,67.4,61.8,3.3,4.4,1428.0,1822.0,57.5,10.5,16.4,86.4,11.6000003815,15.8000001907,2.3,2.4,28.8,1.7,6.5,0.3,19.2,73.1,5.0,5.4,4.1,87.3,1.0,2.0,37.9,31.1,41.7,178.0,296.0,33.2,6.4,2.9,17.9,0.6,2.9,82.9,84.9,75.3,16.2,2.4,3.0,,77.7,29,82.1,84,4.7,18.0,115.1999969482,31.8,29.8,0.483,29.3,0.301,36.4,0.267,11.0,3.2,50.4,0.498,Rwanda
63.6,4.8,1335.0,0.817,5.0,65.3,61.9,3.7,5.6,715.0,1945.0,3.0,,,35.3,0.8000000119,1.1000000238,2.4,2.4,28.3,0.1,0.400000006,0.0,19.7,70.7,4.9,5.2,4.6,12.1,17.0,20.0,32.1,55.1,73.5,204.0,254.0,70.4,7.5,,16.2,1.5,2.2,46.2,57.4,,,19.6,37.7,,,22,25.3,98,,7.5,126.5,44.8,30.9,0.463,47.6,0.246,56.0,0.172,,,,0.497,Comoros
50.1,6.1,3319.0,0.962,2.0,50.0,49.9,7.0,5.3,2631.0,4020.0,24.8,23.6,22.5,59.2,2.0999999046,2.5,0.7,1.2,27.3,0.3,1.2999999523,0.1,21.0,60.3,6.9,3.8,3.3,66.9,3.0,8.0,33.2,69.2,90.2,599.0,581.0,,64.0,22.7,15.5,0.5,8.1,48.1,66.4,,,27.5,37.6,,17.4,23,64.6,84,100.0,16.1,114.6999969482,34.9,33.5,0.308,24.3,0.38,47.0,0.28,20.5,4.3,54.2,0.497,Lesotho
66.9,2.8,2250.0,0.886,5.0,68.8,64.9,2.1,3.6,1706.0,2814.0,42.7,10.2,19.2,45.0,15.1000003815,22.7999992371,2.7,3.1,43.7,2.6,8.1000003815,0.4,18.0,82.1,5.5,5.4,5.2,33.0,6.0,20.0,19.4,41.7,47.2,160.0,227.0,59.5,21.0,0.5,16.6,0.6,2.4,51.7,57.1,46.1,22.4,9.3,13.1,,58.0,15,63.8,98,23.5,21.7,55.0999984741,32.5,25.0,0.541,44.7,0.196,27.7,0.34,7.7,1.9,40.3,0.494,Senegal
63.1,5.2,1657.0,,,65.3,61.0,3.9,6.6,1370.0,1950.0,3.5,25.7,38.7,61.5,10.6999998093,12.6000003815,1.6,1.4,58.6,1.2,6.5999999046,0.5,23.0,54.8,7.5,4.0,3.1,39.7,28.0,47.0,21.9,52.2,69.0,215.0,277.0,5.1,20.0,1.7,17.8,,1.6,61.7,66.3,,,6.9,17.4,,,24,60.5,42,1.0,12.2,72.9000015259,39.2,30.9,0.458,38.3,0.262,48.4,0.219,32.5,6.5,60.8,0.493,Haiti
59.2,5.7,1670.0,0.878,5.0,61.1,57.3,4.5,6.8,1266.0,2075.0,35.0,25.9,32.1,82.3,39.0,61.9000015259,3.3,3.3,16.1,7.3,19.2999992371,1.0,15.9,97.3,5.0,6.7,5.9,63.2,11.0,18.0,34.2,37.7,54.6,283.0,346.0,57.9,12.0,7.1,17.3,1.2,1.8,81.9,85.0,71.9,20.2,3.6,6.0,5.9,78.9,16,60.6,84,6.6,19.2,33.5,30.8,35.7,0.388,29.4,0.33,27.3,0.309,7.6,2.0,41.0,0.493,Uganda
63.7,3.5,3846.0,0.839,5.0,65.3,62.2,3.0,4.1,1902.0,5775.0,31.0,13.7,18.8,24.3,40.2000007629,56.4000015259,2.6,2.2,33.8,6.0,22.6000003815,1.3,19.4,72.1,5.9,5.3,4.5,55.4,1.0,14.0,38.2,47.6,70.1,197.0,254.0,16.5,21.0,0.3,17.8,2.8,1.8,41.6,48.1,44.6,40.1,13.6,22.5,,,25,27.6,56,4.6,26.6,69.8000030518,,31.8,0.459,42.7,0.182,,,6.2,1.4,35.4,0.49,Sudan
60.2,4.7,1262.0,0.841,5.0,60.9,59.4,3.2,6.3,1116.0,1412.0,17.6,23.1,36.1,81.1,7.3000001907,10.5,2.7,2.7,40.0,1.2,4.0,0.2,18.7,76.8,5.0,5.3,4.7,57.5,9.0,18.0,27.5,52.3,78.4,256.0,289.0,82.8,8.8,2.4,15.1,0.5,2.0,74.6,80.9,,,7.7,12.2,9.0,89.1,28,65.7,98,10.9,7.1,57.4000015259,31.6,32.4,0.418,38.9,0.299,23.5,0.293,10.7,2.6,46.0,0.487,Togo
59.8,3.5,1979.0,0.858,5.0,61.2,58.3,2.8,4.3,1673.0,2287.0,7.2,15.8,30.8,70.0,10.8999996185,15.6000003815,3.3,2.7,44.0,1.7,6.0,0.3,18.6,76.7,5.3,5.8,4.9,41.4,16.0,37.0,34.0,64.2,99.5,223.0,270.0,79.6,9.8,1.1,15.6,0.6,2.3,70.9,71.7,45.1,44.0,1.1,2.3,20.0,87.7,15,65.7,98,9.7,6.8,15.1000003815,37.1,37.0,0.385,44.8,0.228,29.4,0.318,8.4,2.2,43.4,0.485,Benin
64.1,3.0,2300.0,0.737,5.0,65.4,62.7,1.9,4.2,1045.0,3530.0,0.5,15.6,33.2,25.8,26.7999992371,36.2999992371,2.8,2.6,34.6,3.9,15.3000001907,0.7,19.3,70.7,4.9,6.0,4.4,10.3,6.0,25.0,46.5,33.8,41.9,201.0,245.0,10.0,4.4,0.1,16.3,2.0,1.3,41.7,49.6,24.7,56.2,15.9,30.1,48.1,29.6,23,50.5,70,8.5,25.1,39.5999984741,32.7,29.4,0.478,48.1,0.182,20.6,0.376,,,,0.482,Yemen
60.7,3.6,1871.0,0.609,5.0,62.0,59.5,1.6,5.8,511.0,3148.0,27.4,8.8,35.4,19.1,32.5,43.9000015259,4.3,3.0,26.7,5.0,17.3999996185,0.8,17.5,82.3,4.6,7.2,5.1,,18.0,34.0,40.9,66.3,91.1,238.0,281.0,0.2,44.0,0.1,15.7,2.7,2.9,47.5,52.5,,,9.6,19.9,,,29,89.8,90,10.7,8.3,71.1999969482,30.4,35.7,0.403,44.8,0.219,10.8,0.395,,,,0.479,Afghanistan
63.9,4.4,1073.0,0.921,4.0,64.8,62.9,3.8,5.0,972.0,1175.0,16.7,14.9,24.2,81.2,17.2000007629,26.6000003815,2.6,3.1,16.3,3.0,8.8000001907,0.6,17.2,87.9,6.7,6.1,5.3,70.2,3.0,15.0,42.4,43.4,64.0,262.0,279.0,62.9,17.0,9.1,18.8,0.2,6.0,75.5,81.0,64.1,28.5,6.7,8.9,16.7,,39,87.6,56,4.1,9.3,70.1999969482,31.1,32.7,0.454,28.2,0.32,32.5,0.242,9.6,2.6,46.1,0.476,Malawi
51.9,5.0,3163.0,0.814,5.0,52.8,51.1,3.9,6.1,2136.0,4155.0,9.2,16.6,32.7,52.4,22.7000007629,32.0999984741,1.9,2.4,54.2,3.7,12.3999996185,0.7,18.4,77.9,5.6,5.7,5.1,12.1,22.0,37.0,29.6,66.6,92.6,388.0,424.0,70.6,,3.2,14.1,1.4,1.7,60.6,67.0,,,9.5,13.7,,79.0,26,53.9,98,7.7,21.0,45.0999984741,37.4,39.7,0.296,45.1,0.228,27.4,0.379,9.6,2.2,43.2,0.474,Cote d'Ivoire
62.3,4.1,3216.0,,,64.0,60.7,,,1981.0,4441.0,12.7,,,36.5,0.8999999762,1.1000000238,1.5,1.3,77.3,0.1,0.6000000238,0.0,23.6,51.9,6.6,4.2,3.3,1.3,7.0,29.0,33.5,54.2,65.3,230.0,277.0,27.9,120.0,1.6,17.5,2.3,6.8,24.1,52.3,,,53.9,,,,8,,98,12.0,11.9,74.5999984741,33.7,32.5,0.439,47.0,0.165,21.7,0.41,10.2,2.3,44.1,0.473,Djibouti
60.5,3.3,1541.0,0.878,5.0,61.9,59.1,2.6,4.2,1296.0,1790.0,9.4,25.3,39.1,72.2,2.0,3.0999999046,3.2,3.2,59.6,0.4,1.0,0.0,16.8,89.7,4.5,5.9,5.8,46.8,2.0,4.0,24.5,47.9,68.9,237.0,291.0,83.7,18.0,1.8,15.2,0.4,5.0,54.0,77.3,31.5,54.6,30.1,44.4,,60.5,19,,180,10.8,17.1,49.2000007629,,31.3,0.428,,,26.9,0.302,,,,0.452,Gambia
64.6,2.6,1523.0,0.842,5.0,66.6,62.7,1.5,3.7,1161.0,1886.0,37.3,10.8,20.7,77.0,99.4000015259,138.3000030518,2.8,2.5,19.5,14.6,54.7000007629,3.5,18.6,75.2,6.3,6.1,4.6,52.0,14.0,30.0,40.4,41.4,59.2,203.0,255.0,48.1,33.0,,17.8,0.2,2.9,78.4,83.0,72.7,19.9,5.5,7.6,1.1,88.8,27,75.3,90,9.0,11.6,443.3999938965,25.5,30.3,0.478,36.6,0.202,9.5,0.372,5.2,1.3,33.2,0.448,Ethiopia
58.5,2.3,2218.0,0.786,5.0,58.3,58.6,1.7,3.0,1349.0,3071.0,8.8,7.3,16.2,50.1,17.6000003815,27.3999996185,3.1,3.0,39.9,3.3,8.8000001907,0.4,16.2,95.1,5.0,6.9,6.4,37.8,20.0,20.0,38.5,74.5,114.7,263.0,258.0,92.1,11.0,1.3,15.2,0.8,1.6,60.6,66.2,,,8.5,10.7,13.5,82.9,21,80.0,98,5.7,10.3,162.3999938965,32.7,40.4,0.353,41.6,0.182,16.1,0.393,5.2,1.3,33.0,0.442,Mali
59.1,6.1,680.0,0.832,5.0,60.5,57.6,4.0,8.1,599.0,761.0,8.2,14.5,35.0,70.5,77.3000030518,120.3000030518,3.1,3.2,42.5,13.9,39.4000015259,2.3,16.9,90.1,5.8,7.0,6.2,47.6,19.0,23.0,42.6,74.5,98.3,241.0,290.0,106.6,69.0,0.8,16.6,1.1,1.6,68.4,71.1,,,3.8,6.2,,,38,85.3,98,15.0,3.8,178.8000030518,31.7,39.1,0.366,27.7,0.343,28.2,0.208,8.7,2.1,42.1,0.435,Dem. Rep. Congo
61.2,4.4,683.0,0.83,5.0,62.2,60.2,3.1,6.0,575.0,788.0,10.7,17.3,39.7,58.0,4.5,6.4000000954,2.5,2.6,49.7,0.7,2.5,0.1,18.6,77.4,5.5,5.7,4.8,55.2,26.0,42.0,32.1,52.8,69.9,231.0,269.0,69.2,68.0,1.1,15.4,0.1,3.2,58.4,60.9,46.5,41.2,4.2,4.9,14.5,78.7,21,89.0,90,,5.9,104.3000030518,32.9,33.1,0.424,42.9,0.242,22.7,0.224,6.7,1.6,36.5,0.427,Liberia
55.5,2.9,1369.0,,,57.3,53.7,,,1139.0,1603.0,13.7,,,67.2,1.7999999523,2.5,2.1,2.4,49.3,0.3,1.0,0.1,19.4,72.8,5.7,5.6,5.0,52.5,8.0,31.0,27.6,60.3,92.5,252.0,306.0,96.2,63.0,,15.0,0.5,1.1,67.2,72.7,,,7.6,12.4,,,38,79.4,60,6.2,3.5,62.2999992371,39.1,44.6,0.302,40.3,0.211,32.5,0.267,12.6,3.3,50.7,0.424,Guinea-Bissau
64.2,3.9,1490.0,,,66.3,62.0,,,1286.0,1693.0,22.0,,,77.7,5.1999998093,7.3000001907,3.4,2.2,22.6,0.8,2.9000000954,0.1,18.6,78.4,4.8,5.1,4.4,68.7,3.0,4.0,50.3,34.1,46.5,228.0,295.0,3.6,14.0,0.6,15.4,0.5,1.5,76.9,83.9,,,8.4,13.0,,,,69.0,60,,1.1,118.5,,25.9,0.504,,,,,,,,0.42,Eritrea
51.3,3.3,1529.0,0.871,5.0,51.9,50.8,2.6,4.2,1354.0,1708.0,12.4,16.8,29.7,65.0,6.5,8.6000003815,4.4,2.2,39.9,1.0,3.5,0.2,18.5,77.1,4.9,6.0,4.8,32.0,12.0,22.0,37.9,87.1,120.4,399.0,407.0,108.7,45.0,1.3,13.0,0.2,1.9,64.5,66.8,,,3.4,5.3,,,37,81.4,84,0.9,2.5,157.5,36.6,43.4,0.273,47.3,0.197,19.2,0.333,5.4,1.4,34.0,0.42,Sierra Leone
55.5,3.5,1098.0,0.879,5.0,56.8,54.0,2.5,4.6,1016.0,1184.0,39.6,2.8,8.0,82.5,28.0,41.4000015259,2.9,2.8,32.2,4.8,14.3999996185,0.9,17.1,88.2,6.5,5.8,5.5,41.0,7.0,15.0,43.1,56.7,78.5,382.0,425.0,71.4,67.0,10.5,17.0,0.4,3.9,61.5,79.1,,,22.3,37.8,10.1,,22,90.9,60,17.3,9.0,146.3000030518,32.9,36.4,0.347,33.8,0.244,28.4,0.259,9.9,2.5,45.6,0.418,Mozambique
56.1,4.8,1882.0,,,57.1,55.2,4.0,5.3,,,24.3,,,71.2,12.3000001907,17.7999992371,3.8,4.1,18.8,2.0,6.6999998093,0.4,18.6,77.3,6.4,6.0,5.2,45.1,51.0,78.0,31.1,60.3,92.6,321.0,348.0,55.4,29.0,2.5,16.4,,1.1,,73.2,,,,,,,,,56,,17.9,65.0999984741,,40.7,0.33,39.6,0.18,,,13.1,2.7,46.3,0.418,South Sudan
59.2,2.6,1058.0,0.784,5.0,59.7,58.7,1.5,3.9,848.0,1267.0,21.9,,,79.5,12.6000003815,18.2999992371,1.9,2.7,37.2,2.0,6.9000000954,0.4,18.5,78.2,5.6,5.9,5.1,20.5,40.0,48.0,31.3,61.0,93.7,260.0,285.0,104.8,29.0,1.6,15.0,1.0,2.7,80.9,82.3,74.8,19.3,1.8,1.2,,89.8,28,72.5,98,8.8,4.7,137.0,33.6,35.4,0.39,48.3,0.171,17.1,0.296,5.5,1.3,33.7,0.414,Guinea
57.1,3.0,691.0,0.919,4.0,59.2,55.1,2.6,3.6,632.0,752.0,37.8,7.1,9.6,84.6,11.1999998093,17.3999996185,3.2,3.3,12.1,2.1,5.9000000954,0.3,17.6,85.0,4.7,6.9,6.1,69.3,2.0,6.0,57.5,54.1,81.7,267.0,327.0,63.7,23.0,1.0,16.4,0.3,4.0,82.4,83.7,,,1.5,2.9,,93.7,26,93.5,84,4.0,4.9,154.3000030518,30.6,40.8,0.338,36.9,0.249,14.1,0.251,4.8,1.3,33.4,0.404,Burundi
59.0,1.4,1537.0,0.874,5.0,60.3,57.6,1.0,2.0,1278.0,1800.0,9.4,6.0,11.5,76.6,18.1000003815,27.2000007629,2.9,2.9,29.9,3.1,9.3999996185,0.4,17.0,87.6,4.6,6.4,5.6,50.1,5.0,12.0,32.9,60.9,88.6,250.0,279.0,103.3,9.1,0.8,15.1,0.5,2.6,81.1,83.5,,,2.9,4.7,,89.6,39,80.5,98,3.2,11.4,119.5999984741,33.3,37.1,0.377,38.6,0.161,24.2,0.313,5.3,1.5,35.3,0.402,Burkina Faso
51.9,2.3,1991.0,0.765,5.0,53.0,50.8,1.2,3.4,1581.0,2400.0,14.9,1.7,9.9,64.0,14.0,21.8999996185,3.8,3.3,22.5,2.6,7.0,0.3,16.0,95.8,4.9,7.2,6.3,0.3,40.0,46.0,39.9,85.0,138.7,346.0,388.0,152.6,23.0,2.0,15.7,0.4,2.0,67.6,71.6,,,5.6,8.3,,,26,67.0,98,1.6,2.7,63.7999992371,39.6,46.2,0.264,41.9,0.163,30.7,0.313,10.0,2.2,43.3,0.396,Chad
61.9,1.7,889.0,0.732,5.0,62.9,61.1,1.1,2.3,481.0,1292.0,13.3,3.6,8.4,40.2,19.8999996185,36.0,3.7,4.0,18.7,4.1,9.3000001907,0.5,14.8,107.5,5.5,7.7,7.6,23.3,11.0,28.0,43.0,57.1,95.5,203.0,239.0,131.1,18.0,0.5,16.0,0.2,3.2,62.9,64.7,,,2.8,3.9,,84.8,31,85.1,98,6.1,2.2,101.4000015259,27.5,35.3,0.417,35.0,0.134,12.3,0.29,5.4,1.4,34.0,0.353,Niger
51.5,4.2,587.0,0.776,5.0,53.4,49.5,2.8,5.7,482.0,696.0,12.5,12.3,29.8,71.7,4.9000000954,6.5,1.7,2.0,40.0,0.7,2.7999999523,0.2,20.0,68.4,6.8,5.3,4.4,34.3,31.0,51.0,40.7,91.5,130.1,382.0,423.0,114.9,48.0,3.7,15.8,0.5,2.1,72.1,78.0,,,7.6,12.3,,,29,81.3,98,,4.6,-9.1999998093,43.1,45.7,0.263,34.5,0.221,49.2,0.136,18.3,4.5,56.2,0.352,Central African Republic
